ì—…ë°ì´íŠ¸ ë‚ ì§œ,ë¶„ë¥˜,í‚¤ì›Œë“œ,êµ¬ë…ì/íŒ”ë¡œì›Œ ìˆ˜,ì—…ë¡œë“œ ë‚ ì§œ,ì½˜í…ì¸  ID,ì œëª©,ì¡°íšŒìˆ˜,ëŒ“ê¸€ìˆ˜,ì¢‹ì•„ìš”ìˆ˜,ì½˜í…ì¸  ê¸¸ì´,ì½˜í…ì¸  ì„¤ëª…,ì˜ìƒ url,ì´ë¯¸ì§€ url,ì´ë¯¸ì§€ ì„¤ëª…
45879,ìœ íŠœë¸Œ,ë‹¤ì´ì–´íŠ¸,"5,190,000",45874,tclWO6G-9us,[#ìœ í€´ì¦ˆì˜¨ë”ë¸”ëŸ­] ë‹¤ì´ì–´íŠ¸ ì „ë¬¸ì˜ë“¤ì´ ì…ì„ ëª¨ì•„ ì–˜ê¸°í•˜ëŠ” â€˜ì´ ë°©ë²•â€™ğŸ’¡ ì´ê²ƒë§Œ ë”°ë¼ í•˜ë©´ ìš”ìš” ì—†ëŠ” ì‚´ ë¹¼ê¸° ê°€ëŠ¥í•©ë‹ˆë‹¤â—,"52,613",12,272,0.01344907407,"í‹°ë¹™ì—ì„œ ìŠ¤íŠ¸ë¦¬ë° : https://tving.onelink.me/xHqC/30a78d6f

#ìœ í€´ì¦ˆì˜¨ë”ë¸”ëŸ­ #ìœ í€´ì¦ˆ #ìœ ì¬ì„ #ì¡°ì„¸í˜¸
ë§¤ì£¼ ìˆ˜ìš”ì¼ ì €ë… 8ì‹œ 45ë¶„ tvNì—ì„œ!

weâ€™re :DIGGLE family

#í‹°ë¹™ì—ì„œìŠ¤íŠ¸ë¦¬ë°",https://www.youtube.com/watch?v=tclWO6G-9us,https://i.ytimg.com/vi/tclWO6G-9us/maxresdefault.jpg,
45879,ìœ íŠœë¸Œ,ë‹¤ì´ì–´íŠ¸,"1,400,000",45875,UTRsc7Lxu_k,"(ENG) ê´‘ê³ âŒ ìê¸°ê´€ë¦¬ì— ì§„ì‹¬ì¸ ì¸„ê°€ ì•Œë ¤ì£¼ëŠ” ì—¬ë¦„ë§ì´ ë‹¤ì´ì–´íŠ¸í…œ | ìš´ë™ë³µ, ì… í„°ì§ ë°©ì§€ ê°„ì‹, ì‹ë‹¨ ê³µê°œ","90,908",200,"3,700",0.01726851852,"ì¸„ê¾¸ë¯¸ë“¤ì´ ë„ˆ~~ë¬´ ì¢‹ì•„í•´ ì¤¬ë˜ ì¸„ì°í…œ ì¥ë°”êµ¬ë‹ˆğŸ›’  ì½˜í…ì¸ 
ë“œë””ì–´ 2íƒ„ìœ¼ë¡œ ëŒì•„ì™”ìŠµë‹ˆë‹¤!!!

ì—¬ë¦„ì„ ë§ì´í•´ì„œ ìê¸°ê´€ë¦¬ë¥¼ ì‹œì‘í•œ ì¸„ê¾¸ë¯¸ë“¤ì„ ìœ„í•´
""ë‹¤ì´ì–´íŠ¸"" í¸ì„ ì¤€ë¹„í–ˆì–´ìš”ğŸ’™

ì œê°€ ì§ì ‘ ë¨¹ì–´ë³´ê³  ì…ì–´ë³´ê³  ì¢‹ì•˜ë˜ ê²ƒë“¤ë¡œë§Œ ê½‰ê½‰ ì±„ì›Œì™”ë‹µë‹ˆë‹¤
ìš°ë¦¬ ë‹¤ ê°™ì´ ë•€ í˜ë¦¬ë©° ê´€ë¦¬í•´ ë³´ìêµ¬ìš”ğŸ’ª


00:00 ì¸„ì°í…œ ì¥ë°”êµ¬ë‹ˆ 2íƒ„ START
00:46 ì²« ë²ˆì§¸ - ì‹ë‹¨ ê¿€í…œ
(04:21 ì–Œì–Œ ì£¼ë¨¹ë°¥ - ì˜ì–‘ ì£¼ë¨¹ë°¥ìœ¼ë¡œ ì •ë³´ ì •ì •)

09:50 ë‘ ë²ˆì§¸ - ì… í„°ì§ ë°©ì§€ìš© ê°„ì‹
14:42 ì„¸ ë²ˆì§¸ - ìŠ¤íŠ¸ë ˆì¹­
16:01 ë„¤ ë²ˆì§¸ - ìš´ë™ë³µ
20:24 ìš”ì¦˜ ì¦ê²¨ ë¨¹ëŠ” ì‹ë‹¨ ê³µê°œ
23:00 ì¸„'s ìê¸°ê´€ë¦¬ë²•

#ì§€ì¼œì¸„ #ë‚´ëˆë‚´ì‚° #ì¸„ì°í…œ #ë‹¤ì´ì–´íŠ¸",https://www.youtube.com/watch?v=UTRsc7Lxu_k,https://i.ytimg.com/vi/UTRsc7Lxu_k/maxresdefault.jpg,
45879,ìœ íŠœë¸Œ,ê±´ê°•ì£¼ìŠ¤,"675,000",45849,ceVri9FzIww,"""í•´ë…ì£¼ìŠ¤ë„ ë¹„ì‹¼ ì•½ë„ í•„ìš” ì—†ë‹¤"" ì „ì„¸ê³„ì—ì„œ ì…ì¦í•œ ëª¸ì† ë…ì†Œ 100% ë¹¼ë‚´ëŠ” ë²• lë³‘ì›ì¥ ìƒí˜•ì² (í†µí•©)","178,193",162,"4,800",0.04917824074,"â–¶ ìƒí˜•ì²  ì‘ê°€ë‹˜ì˜  ã€ë³‘ì› ì—†ëŠ” ì„¸ìƒ, ìŒì‹ ì¹˜ë£Œë¡œ ë§Œë“ ë‹¤ã€
https://www.yes24.com/product/goods/2...

â–¶ ì¸í„°ë·° ì‹ ì²­ & ë¬¸ì˜
retire_school@kakao.com

â–¶ì˜ìƒì—ì„œ ì œê³µí•˜ëŠ” ì •ë³´ëŠ” ê±´ê°•ì„ ìœ„í•´ ì°¸ê³ ë§Œ í•˜ì‹œê¸° ë°”ë¼ë©°, ì •í™•í•œ ë‚´ìš©ì€ ì „ë¬¸ì˜ì™€ì˜ ìƒë‹´ì„ í†µí•´ ê²°ì •í•˜ì‹œê¸° ë°”ëë‹ˆë‹¤. ë‚´ ê±´ê°•ì— ëŒ€í•œ ê²°ì •ì€ 'ë‚´ê°€' í•´ì•¼ í•©ë‹ˆë‹¤.",https://www.youtube.com/watch?v=ceVri9FzIww,https://i.ytimg.com/vi/ceVri9FzIww/maxresdefault.jpg,
45879,ìœ íŠœë¸Œ,ê±´ê°•ì£¼ìŠ¤,"402,000",45857,yEnlNbKdxOA,í•´ë…ì£¼ìŠ¤ ì´ë ‡ê²Œ ë§ˆì…¨ë‹¤ë©´ í°ì¼ë‚©ë‹ˆë‹¤! í•´ë…ì£¼ìŠ¤ ì œëŒ€ë¡œ ì•Œê¸°,954,1,64,0.003912037037,"ì•ˆë…•í•˜ì„¸ìš” í•˜ë‘ì´ì—¬ëŸ¬ë¶„~
ì €ëŠ” ì•„ì¹¨ì‹ì‚¬ë¥¼ ì¤‘ìš”í•˜ê²Œ ê°•ì¡°ë“œë¦¬ê³  ìˆëŠ”ë°ìš” 
ì—¬ëŸ¬ ë¶„ë“¤ì˜ ì´ì•¼ê¸°ë¥¼ ë“¤ì–´ë³´ë©´ ì•„ì¹¨ì— ë°¥ ëŒ€ì‹ ìœ¼ë¡œ í•´ë…ì£¼ìŠ¤ë¥¼ ë§Œë“¤ì–´ ë“œì‹ ë‹¤ëŠ” ë§ì”€ë“¤ì„ ë§ì´ í•˜ì‹­ë‹ˆë‹¤.
ì–´ë–¤ì‹ìœ¼ë¡œ ë§Œë“¤ì–´ì„œ ë“œì‹œê³  ê³„ì‹ ì§€ ì—¬ì­¤ë³´ë©´ ì—­ì‹œ ì¢‹ì§€ ì•Šì€ ë°©ë²•ìœ¼ë¡œ ë“œì‹œëŠ” ë¶„ë“¤ì´ ë§ìœ¼ì‹œë”ë¼êµ¬ìš”~
ê·¸ëƒ¥ ì±„ì†Œì™€ ê³¼ì¼ì„ ê°ˆì•„ì„œ ë¨¹ëŠ”ë¶„ë“¤ì´ ë§ìœ¼ì‹ ë° ì‚¬ì‹¤ ê·¸ê±´ ì¢‹ì§€ ì•Šì€ ë°©ë²•ì´ëë‹ˆë‹¤~
ì˜¤ëŠ˜ì€ í•´ë…ì£¼ìŠ¤ì˜ ì˜¤í•´ì™€ ì œëŒ€ë¡œ ë§Œë“œëŠ” ë°©ë²•ì— ëŒ€í•´ ì•Œë ¤ë“œë¦´í…Œë‹ˆ.
ê±´ê°•í•œ í•´ë…ì£¼ìŠ¤, ì´ì œëŠ” ë°”ë¥´ê²Œ ì•Œê³  ê±´ê°•í•˜ê²Œ ë“œì„¸ìš”^^
ëª¨ë‘ ê±´ê°•í•˜ë‘!

#í•´ë…ì£¼ìŠ¤ #í•´ë… #ë©´ì—­ 

í•˜ë‘í•œì˜ì› 
ì¹´ì¹´ì˜¤ì±„ë„ https://pf.kakao.com/_xmflvxd
ì „í™”ë²ˆí˜¸ : 02-554-0515
ì¸ìŠ¤íƒ€ê·¸ë¨ : ê°•ë‚¨í—ˆì¤€ www.instagram.com/drharang
í˜‘ì—… ë©”ì¼ : santarisoo@naver.com
(í˜‘ì—…ì€ ë°˜ë“œì‹œ ë©”ì¼ë¡œ ì—°ë½ì£¼ì„¸ìš”. í•˜ë‘í•œì˜ì›ìœ¼ë¡œ ì—°ë½ ì£¼ì‹œë©´ ë” ëŠ¦ì„ ìˆ˜ ìˆìŠµë‹ˆë‹¤.)

â–¶ì¸ìŠ¤íƒ€ê·¸ë¨ : ê°•ë‚¨í—ˆì¤€ www.instagram.com/drharang

â–¶ë°•ìš©í™˜ì›ì¥ë‹˜ì˜ ì €ì„œ : ì˜ ì‚´ê³  ì‹¶ë‹¤ë©´ ë©´ì—­ì´ ë‹µì´ë‹¤, ê°•ë‚¨í—ˆì¤€ì˜ í¬ì¸íŠ¸ í˜ˆìë¦¬ ìŠ¤íŠ¸ë ˆì¹­, ë§ˆí”ì˜ ëª¸ê³µë¶€, ë©´ì—­ë³´ê°, ê±´ê°•í•œ ìŠµê´€ì´ ë‹¹ì‹ ì˜ ëª¸ì„ ì‚´ë¦°ë‹¤

ë³¸ ì±„ë„ì˜ ëª¨ë“  ì½˜í…ì¸ ëŠ” í•œì˜ì‚¬ë¡œì„œì˜ ì„ìƒ ê²½í—˜ê³¼ ê³µë¶€, ë…¼ë¬¸, ìë£Œ, ì—¬ëŸ¬ ì±… ë“¤ì„ í† ëŒ€ë¡œ í•˜ì—¬ ë§Œë“  ê°œì¸ì ì¸ ì˜ê²¬ìœ¼ë¡œ ì •ë³´ì œê³µì„ ëª©ì ìœ¼ë¡œ ì œì‘ë˜ì—ˆìŠµë‹ˆë‹¤.
ì½˜í…ì¸ ë“¤ì€ ì˜í•™ì ì¸ ì§„ë£Œë¥¼ ëŒ€ì²´í•  ìˆ˜ ì—†ìŠµë‹ˆë‹¤. 
ì¹˜ë£ŒëŠ” ê°œì¸ë“¤ì˜ íŠ¹ì´ì ì¸ ì²´ì§ˆ, ì¦ìƒ, ìƒí™©ì— ë”°ë¼ ë‹¤ë¥´ë¯€ë¡œ ì§„ë£Œê°€ í•„ìš”í•˜ì‹  ë¶„ë“¤ì€ í•œì˜ì› ë° ë³‘ì˜ì›ì„ ì°¾ì•„ ë‹´ë‹¹ì˜ì˜ ì§„ë‹¨ ë° ì²˜ì¹˜ë¥¼ ë°›ìœ¼ì‹œê¸° ë°”ëë‹ˆë‹¤.
í•˜ë‘í•œì˜ì›ì—ì„œëŠ” 1:1 ë§ì¶¤ ìƒë‹´ ë° ì²˜ë°©ìœ¼ë¡œ ì§„í–‰í•˜ê³  ìˆìŠµë‹ˆë‹¤.
ë³¸ ì±„ë„ì˜ ë‚´ìš©ë“¤ì— ëŒ€í•´ì„œëŠ” ì‹œì²­ì ë³¸ì¸ì˜ ì„ íƒ ë° íŒë‹¨ì„ ìš”êµ¬í•˜ë©°, ì˜ìƒì€ ì˜ë£Œ ì¡°ì–¸, ì§„ë£Œ ë“±ì˜ ì˜ë£Œ ì„œë¹„ìŠ¤ë¥¼ ëŒ€ì‹ í•˜ì§€ ëª»í•˜ë©°, ì˜ìƒì„ ì‹œì²­ í›„ ë³¸ì¸ì˜ ìë°œì ì¸ í–‰ìœ„ì— ë”°ë¥¸ ê²°ê³¼ì— ëŒ€í•´ì„œëŠ” ì±„ë„ ê´€ê³„ìë“¤ì˜ ì–´ë– í•œ ì±…ì„ì´ ì—†ìŒì„ ë°í˜€ ë‘¡ë‹ˆë‹¤.
ë‚´ìš©ì— ëŒ€í•œ ì´í•´ì™€ ë™ì‘, ìƒí™œìŠµê´€ ì‹¤ì²œ ë“±ì€ ë³¸ì¸ì˜ ìƒíƒœì™€ ì—¬ê±´ì— ë§ê²Œ, ë³¸ì¸ì˜ ì±…ì„í•˜ì—ì„œ ì „í–‰í•´ ì£¼ì„¸ìš”.",https://www.youtube.com/watch?v=yEnlNbKdxOA,https://i.ytimg.com/vi/yEnlNbKdxOA/maxresdefault.jpg,
45880,ì¸ìŠ¤íƒ€ê·¸ë¨,ê±´ê°•ì£¼ìŠ¤,,45588,DBd91vLhPQv,"ğŸ‘¶ğŸ¾
ê³¼ì±„ì£¼ìŠ¤ ì•ˆë¨¹ëŠ” ì•„ì´ë“¤ ê°™ì´ ë§Œë“¤ì–´ë³´ì„¸ìš”.
ì €ë„ ì˜¤ëŠ˜ ì¬ë£Œë“¤ì´ ì±„ì†Œê°€ ë§ì´ ë“¤ì–´ê°€ê³  í–¥ì´ ê°•í•œ ì˜¤ì´ê°€ ë“¤ì–´ê°€ì„œ í•´ì†”ì´í•œí…Œ ê°™ì´ ì£¼ìŠ¤ë§Œë“¤ìê³  í•´ë´¤ì–´ìš”.
í•´ì†”ì´ê°€ ì¬ë£Œ ë„£ê³  ë¯¹ì„œê¸°ë²„íŠ¼ ëˆŒëŸ¬ë³´ê²Œí•´ì£¼ê³ 
í•´ì†”ì´ê°€ ë§Œë“¤ì—ˆë‹¤ê³  ê·¹ì°¬ì„ í•´ì¤˜ì„œì˜€ëŠ”ì§€ ì •ë§ ë§›ì´ ê´œì°®ì•˜ëŠ”ì§€ ì˜¤ëŠ˜ ì£¼ìŠ¤ë„ ì˜ ë¨¹ë”ë¼êµ¬ìš”â™¥ï¸
ê°œì¸ì ìœ¼ë¡œë„ ì˜¤ì´í–¥ì´ ë§ì´ ì„ì§€ ì•Šì•„ì„œ ì €ë„ ë§›ìˆê²Œ ë¨¹ì—ˆì–´ìš”âœŒğŸ»

âœ…ì‹­ìí™”ê³¼ì±„ì†Œâ¡ï¸4ì¥ì˜ ê½ƒìì´ ì‹­ì ëª¨ì–‘ì¸ ì±„ì†Œ
(ì–‘ë°°ì¶”,ë¸Œë¡œì½œë¦¬,ì²­ê²½ì±„,ì½œë¦¬í”Œë¼ì›Œ ë“±)

ğŸ¥¦ì‹­ìí™”ê³¼ì±„ì†Œë¥¼ ë¨¹ì–´ì•¼í•˜ëŠ” ì´ìœ 
1ï¸âƒ£â€œì„¤í¬ë¼íŒâ€œì„±ë¶„ 
â¡ï¸ë©´ì—­ì„¸í¬ë¥¼ ë„ì™€ ë³‘ì„ ìœ ë°œí•˜ëŠ” ì—¼ì¦ì„ ë§‰ì•„ì¤˜ìš”. ì—¼ì¦ë°˜ì‘ë„ ë§‰ì•„ì£¼ê³ , ë©´ì—­ë ¥íšŒë³µì—ë„ í° ë„ì›€ì´ ë˜ìš”âœŠğŸ»
â¡ï¸ë¶ˆí•„ìš”í•œ ë°”ì´ëŸ¬ìŠ¤, ë°•í…Œë¦¬ì•„ê· ì„ ì—†ì• ê³  ì•”ì„¸í¬ë¥¼ ì¡ì•„ë¨¹ëŠ” ë©´ì—­ì„¸í¬ì¸ NKì„¸í¬ í™œë™ì„ ë„ì™€ì¤˜ìš”.

2ï¸âƒ£ë³µë¶€ë¹„ë§Œ,í˜ˆì••,í˜ˆë‹¹ë“± ëŒ€ì‚¬ì¦í›„êµ°ì˜ ìœ„í—˜ìš”ì¸ìœ¼ë¡œë¶€í„° ì˜ˆë°©

3ï¸âƒ£í•­ì‚°í™” ë° í•­ì—¼ì¦ ê¸°ëŠ¥ì´ ë›°ì–´ë‚˜ë©° ë¹„íƒ€ë¯¼, ì„¬ìœ ì§ˆ, ë¯¸ë„¤ë„ ë“± ì‹ë¬¼ì„± ì˜ì–‘ì†Œê°€ í’ë¶€

âœ…ì‹­ìí™”ê³¼ì±„ì†ŒëŠ” í•œêº¼ë²ˆì— ë§ì´ ë¨¹ê¸°ë³´ë‹¤ëŠ” ë§¤ì¼ ê¾¸ì¤€íˆ ì„­ì·¨í•˜ëŠ”ê²Œ ì œì¼ ì¢‹ì•„ìš”ğŸ‘ğŸ»

ì˜¤ëŠ˜ ì•„ì¹¨ì—” í•´ì†”ì´ë‘ ì‹­ìí™”ê³¼ì±„ì†Œ ë¸Œë¡œì½œë¦¬ë‘,ì–‘ë°°ì¶” ë„£ê³  ê±´ê°•ì£¼ìŠ¤ ë§Œë“¤ì–´ë´¤ì–´ìš”.

âœ…ì‹­ìí™”ê³¼ì£¼ìŠ¤ì¬ë£Œ
ì˜¤ì´20g, ë ˆëª¬15g,  ì–‘ë°°ì¶”50g, ë¸Œë¡œì½œë¦¬25g, ì‚¬ê³¼í°ê±°í•œê°œ ê·¸ë¦¬ê³  ë¬¼

â¡ï¸ğŸ¥¦ë¸Œë¡œì½œë¦¬ëŠ” ì˜ì–‘ì°½ê³ ì¸ ì¤„ê¸°ë¥¼ ì‚¬ìš©í–ˆê³ ìš”. ì°œê¸°ë¡œ 5ë¶„ ìª˜ì–´ìš”.
â¡ï¸ì–‘ë°°ì¶”ë„ ì°œê¸°ë¡œ ìª„ë‘”ê±° ì‚¬ìš©í–ˆì–´ìš”.
â¡ï¸ğŸ¥’ì¼ë°˜ì˜¤ì´ë³´ë‹¤ ë‹¨ë§›ì´ ê°•í•œ ë¯¸ë‹ˆì˜¤ì´ëŠ” ì¿ íŒ¡ì—ì„œ ë§ˆê°ì„¸ì¼í•˜ê¸¸ë˜ êµ¬ì…í•´ë´¤ëŠ”ë° â€œí”Œë¼ë³´ë†€â€ì´ë€ ì„±ë¶„ì´ í•­ì‚°í™”, í•­ì—¼ì¦ì— ì¢‹ì€ ëŒ€í‘œì ì¸ ì„±ë¶„ìœ¼ë¡œ ë‘ë‡Œ, ì‹¬í˜ˆê´€ ì§ˆí™˜ì— ì¢‹ë‹¤ê³ í•´ìš”.
â¡ï¸ğŸ‹ë ˆëª¬ì€ ì˜¤ì´ë‘ ê¶í•©ì´ ì¢‹ì€ ê³¼ì¼ì´ë¼ ì¶”ê°€í–ˆì–´ìš”.
ë ˆëª¬ì— í•¨ìœ ëœ ë¹„íƒ€ë¯¼Cê°€ ì˜¤ì´ì˜ í•­ì‚°í™”ì‘ìš© ì„ ë”ìš± ê°•í™”ì‹œì¼œì¤˜ìš”âœŠğŸ»
â¡ï¸ğŸì‚¬ê³¼ëŠ” ì–‘ë°°ì¶”ë„ ì˜¤ì´ë„ í–¥ì´ ê°•í• ê±° ê°™ì•„ í°ê±¸ë¡œ í•œê°œ ë„£ì—ˆì–´ìš”.

ëª¨ë‹ì£¼ìŠ¤ëŠ” ê¼­ ë‹¹ë¶„ì´ ë‚®ì€ ì¬ë£Œì˜ ê³¼ì±„ì£¼ìŠ¤ë¥¼ ì¶”ì²œí•´ìš”ğŸ‘©ğŸ»â€ğŸ¦±
ì•ìœ¼ë¡œë„ ìš°ë¦¬ ì•„ì´ë“¤í•œí…Œ ê·¸ë¦¬ê³  ì–´ë¥¸ë“¤í•œí…Œë„ ë‹¹ì—°íˆ ì¢‹ì€
ê±´ê°•í•œ ì‹í’ˆë“¤ ì •ë³´ ë‹¤ì–‘í•˜ê²Œ ë§ì´ ê³µìœ í• ê»˜ìš”ğŸ‘©ğŸ»â€ğŸ¦±
ì¶”ì›Œì§„ ë‚ ì”¨ ê±´ê°•í•œê±° ê¼­ ì±™ê¸°ë©´ì„œ ê°ê¸°ì¡°ì‹¬í•˜ì„¸ìš”â™¥ï¸

#ì‹­ìí™”ê³¼ì±„ì†Œ #ì‹­ìí™”ê³¼ #ì•„ë“¤ë§˜ #22ê°œì›”ì•„ê¸° #ìœ¡ì•„ì¼ìƒ #ìœ¡ì•„ #ìœ¡ì•„ì†Œí†µ #ì•„ë“¤ìœ¡ì•„ #ì•„ì´ê±´ê°• #ì•„ì´ê±´ê°•ì£¼ìŠ¤ #ê±´ê°•ì£¼ìŠ¤ #ê±´ê°•ì£¼ìŠ¤ë ˆì‹œí”¼ #ì‹­ìí™”ê³¼ì±„ì†ŒìŠ¤ë¬´ë””  #ì•„ì´ê±´ê°•ê°„ì‹",,2,,31.633,,https://www.instagram.com/p/DBd91vLhPQv/,https://scontent-vie1-1.cdninstagram.com/v/t51.71878-15/498833590_9663146473753948_8648272577406069865_n.jpg?stp=dst-jpg_e15_p360x360_tt6&_nc_cat=100&ig_cache_key=MzQ4NTIxMzY2MDI4MzIwNDY1NTk2NjMxNDY0MzA0MjA2MTk%3D.3-ccb1-7&ccb=1-7&_nc_sid=58cdad&efg=eyJ2ZW5jb2RlX3RhZyI6InhwaWRzLjEwODB4MTkyMC5zZHIuQzMifQ%3D%3D&_nc_ohc=OP48hF2VB0kQ7kNvwGraGer&_nc_oc=AdkUxCSQwXDzzf6Pb532xt6kx3kXbMXlQbGnbo20nJzmvcW4j2fBzVnQICPN3RBSUoU&_nc_ad=z-m&_nc_cid=0&_nc_zt=23&_nc_ht=scontent-vie1-1.cdninstagram.com&_nc_gid=kegK4fDFwOuUIX_2Zw24pg&oh=00_AfXXhfRm4OibL_xQOZ0vp6lV3_0uSF-_XD6dyt8U8Gq1fw&oe=689EA118,
45880,ì¸ìŠ¤íƒ€ê·¸ë¨,ê±´ê°•ì£¼ìŠ¤,,45835,DLZf7zcTBug,"âœ¨ ì—¬ì„±ì˜ ëª¸ì„ ìœ„í•œ â€˜7ì¼ ì£¼ìŠ¤ ì¡°í•©â€™ ğŸ¹
í•˜ë£¨ í•œ ì”, 7ì¼ì´ë©´ ëª¸ì´ ë‹¬ë¼ì ¸ìš”.
âœ… ë¶“ê¸°, ìƒë¦¬í†µ, í”¼ë¶€ íŠ¸ëŸ¬ë¸”, í˜¸ë¥´ëª¬ ë¶ˆê· í˜•ê¹Œì§€ í•´ê²°!
âœ… ëƒ‰ì¥ê³  ì† ì¬ë£Œë¡œ ê°„ë‹¨í•˜ê²Œ!

ğŸ’– ë‚´ê²Œ í•„ìš”í•œ ë ˆì‹œí”¼ëŠ” ë¬´ì—‡ì¸ê°€ìš”?
ì§€ê¸ˆ ë‚´ ëª¸ì´ ë³´ë‚´ëŠ” ì‹ í˜¸ì— ê·€ ê¸°ìš¸ì—¬ë³´ì„¸ìš”.

ì˜¤ëŠ˜ í•˜ë£¨ë„ ë‚˜ë¥¼ ìœ„í•œ ê±´ê°• ë£¨í‹´,
ì§€ê¸ˆ ì´ ìˆœê°„ë¶€í„° ë§Œë“¤ì–´ë‚˜ê°€ëŠ” ê±´ ì–´ë–¨ê¹Œìš”? ğŸŒ¿

---------------

ëŒ“ê¸€ë¡œ â€œì£¼ìŠ¤â€ ë‚¨ê²¨ì£¼ì‹œë©´ 
ë” ë§ì€ ê±´ê°• ì£¼ìŠ¤ ë ˆì‹œí”¼ì™€ íš¨ëŠ¥
ì •ë¦¬ë³¸ì„ DMìœ¼ë¡œ ë³´ë‚´ë“œë ¤ìš”ğŸŒ¿

---------------
ğŸ¥ healthynaturaltips

ğŸ’ªğŸ»í—¬ë””ì™€ ë” ë‹¤ì–‘í•œ ê±´ê°•ì •ë³´ë¥¼ ê³µìœ í•˜ê³  ì‹¶ë‹¤ë©´â“

@__healthylady
@__healthylady
â˜ğŸ»í”„ë¡œí•„ ë° í”„ë¡œí•„ë§í¬ ì°¸ê³ í•˜ê¸°

ğŸ¥° ì €ë¥¼ íŒ”ë¡œìš°í•˜ì‹œê³  ê±´ê°•ê¿€íŒ, ì£¼ë¶€ê¿€íŒ ì–»ì–´ê°€ì„¸ìš”!
ğŸ’Œ ê±´ê°•ì„ ìœ„í•œ í•˜ë£¨í•˜ë£¨ì˜ ë…¸ë ¥ê³¼ ì„±ì¥ê¸°ë¡
ğŸ€ ì˜¤ëŠ˜ë„ ê±´ê°•í•´ì§€ë ¤ëŠ” ì—¬ëŸ¬ë¶„ë“¤ì„ ì‘ì›í•©ë‹ˆë‹¤

#ê±´ê°• #ê±´ê°•ì •ë³´ #ì£¼ë¶€ #ì£¼ë¶€ê¿€íŒ #ê±´ê°•ê¿€íŒ #30ëŒ€ #40ëŒ€ #50ëŒ€ #ì—¬ì„±ê±´ê°• #ê±´ê°•ê´€ë¦¬",,"2,608","3,768",60.72,#ê±´ê°•ì£¼ìŠ¤,https://www.instagram.com/p/DLZf7zcTBug/,https://scontent-vie1-1.cdninstagram.com/v/t51.71878-15/510950423_1265916945168615_7653935608628676578_n.jpg?stp=dst-jpg_e15_p360x360_tt6&_nc_cat=104&ig_cache_key=MzY2NDEwMDIyMDk2OTE2MzY4MA%3D%3D.3-ccb1-7&ccb=1-7&_nc_sid=58cdad&efg=eyJ2ZW5jb2RlX3RhZyI6InhwaWRzLjY0MHgxMTM2LnNkci5DMyJ9&_nc_ohc=zd2X8U7-rc4Q7kNvwEzgF6B&_nc_oc=AdkD3wXKyWfNE11clWJayKlurZg4uQEtaBXKXwwW6l0_DNMKHA3HFhUuVq4fr0LCTjg&_nc_ad=z-m&_nc_cid=0&_nc_zt=23&_nc_ht=scontent-vie1-1.cdninstagram.com&_nc_gid=xXGOe9xslzelw9sDxf2gKQ&oh=00_AfVuMtF0lMMwr0cjW1PVZA4N3Un6cjbtKxemw_EAfERUtw&oe=689E7310,#ê±´ê°•ì£¼ìŠ¤
45880,ì¸ìŠ¤íƒ€ê·¸ë¨,ê±´ê°•ì£¼ìŠ¤,,45835,DLZf7zcTBug,"âœ¨ ì—¬ì„±ì˜ ëª¸ì„ ìœ„í•œ â€˜7ì¼ ì£¼ìŠ¤ ì¡°í•©â€™ ğŸ¹
í•˜ë£¨ í•œ ì”, 7ì¼ì´ë©´ ëª¸ì´ ë‹¬ë¼ì ¸ìš”.
âœ… ë¶“ê¸°, ìƒë¦¬í†µ, í”¼ë¶€ íŠ¸ëŸ¬ë¸”, í˜¸ë¥´ëª¬ ë¶ˆê· í˜•ê¹Œì§€ í•´ê²°!
âœ… ëƒ‰ì¥ê³  ì† ì¬ë£Œë¡œ ê°„ë‹¨í•˜ê²Œ!

ğŸ’– ë‚´ê²Œ í•„ìš”í•œ ë ˆì‹œí”¼ëŠ” ë¬´ì—‡ì¸ê°€ìš”?
ì§€ê¸ˆ ë‚´ ëª¸ì´ ë³´ë‚´ëŠ” ì‹ í˜¸ì— ê·€ ê¸°ìš¸ì—¬ë³´ì„¸ìš”.

ì˜¤ëŠ˜ í•˜ë£¨ë„ ë‚˜ë¥¼ ìœ„í•œ ê±´ê°• ë£¨í‹´,
ì§€ê¸ˆ ì´ ìˆœê°„ë¶€í„° ë§Œë“¤ì–´ë‚˜ê°€ëŠ” ê±´ ì–´ë–¨ê¹Œìš”? ğŸŒ¿

---------------

ëŒ“ê¸€ë¡œ â€œì£¼ìŠ¤â€ ë‚¨ê²¨ì£¼ì‹œë©´ 
ë” ë§ì€ ê±´ê°• ì£¼ìŠ¤ ë ˆì‹œí”¼ì™€ íš¨ëŠ¥
ì •ë¦¬ë³¸ì„ DMìœ¼ë¡œ ë³´ë‚´ë“œë ¤ìš”ğŸŒ¿

---------------
ğŸ¥ healthynaturaltips

ğŸ’ªğŸ»í—¬ë””ì™€ ë” ë‹¤ì–‘í•œ ê±´ê°•ì •ë³´ë¥¼ ê³µìœ í•˜ê³  ì‹¶ë‹¤ë©´â“

@__healthylady
@__healthylady
â˜ğŸ»í”„ë¡œí•„ ë° í”„ë¡œí•„ë§í¬ ì°¸ê³ í•˜ê¸°

ğŸ¥° ì €ë¥¼ íŒ”ë¡œìš°í•˜ì‹œê³  ê±´ê°•ê¿€íŒ, ì£¼ë¶€ê¿€íŒ ì–»ì–´ê°€ì„¸ìš”!
ğŸ’Œ ê±´ê°•ì„ ìœ„í•œ í•˜ë£¨í•˜ë£¨ì˜ ë…¸ë ¥ê³¼ ì„±ì¥ê¸°ë¡
ğŸ€ ì˜¤ëŠ˜ë„ ê±´ê°•í•´ì§€ë ¤ëŠ” ì—¬ëŸ¬ë¶„ë“¤ì„ ì‘ì›í•©ë‹ˆë‹¤

#ê±´ê°• #ê±´ê°•ì •ë³´ #ì£¼ë¶€ #ì£¼ë¶€ê¿€íŒ #ê±´ê°•ê¿€íŒ #30ëŒ€ #40ëŒ€ #50ëŒ€ #ì—¬ì„±ê±´ê°• #ê±´ê°•ê´€ë¦¬",,"2,608","3,768",60.72,#ê±´ê°•ì£¼ìŠ¤,https://www.instagram.com/p/DLZf7zcTBug/,https://scontent-vie1-1.cdninstagram.com/v/t51.71878-15/510950423_1265916945168615_7653935608628676578_n.jpg?stp=dst-jpg_e15_p360x360_tt6&_nc_cat=104&ig_cache_key=MzY2NDEwMDIyMDk2OTE2MzY4MA%3D%3D.3-ccb1-7&ccb=1-7&_nc_sid=58cdad&efg=eyJ2ZW5jb2RlX3RhZyI6InhwaWRzLjY0MHgxMTM2LnNkci5DMyJ9&_nc_ohc=zd2X8U7-rc4Q7kNvwEzgF6B&_nc_oc=AdkD3wXKyWfNE11clWJayKlurZg4uQEtaBXKXwwW6l0_DNMKHA3HFhUuVq4fr0LCTjg&_nc_ad=z-m&_nc_cid=0&_nc_zt=23&_nc_ht=scontent-vie1-1.cdninstagram.com&_nc_gid=xXGOe9xslzelw9sDxf2gKQ&oh=00_AfVuMtF0lMMwr0cjW1PVZA4N3Un6cjbtKxemw_EAfERUtw&oe=689E7310,#ê±´ê°•ì£¼ìŠ¤
45880,ì¸ìŠ¤íƒ€ê·¸ë¨,ê±´ê°•ì£¼ìŠ¤,,45588,DBd91vLhPQv,"ğŸ‘¶ğŸ¾
ê³¼ì±„ì£¼ìŠ¤ ì•ˆë¨¹ëŠ” ì•„ì´ë“¤ ê°™ì´ ë§Œë“¤ì–´ë³´ì„¸ìš”.
ì €ë„ ì˜¤ëŠ˜ ì¬ë£Œë“¤ì´ ì±„ì†Œê°€ ë§ì´ ë“¤ì–´ê°€ê³  í–¥ì´ ê°•í•œ ì˜¤ì´ê°€ ë“¤ì–´ê°€ì„œ í•´ì†”ì´í•œí…Œ ê°™ì´ ì£¼ìŠ¤ë§Œë“¤ìê³  í•´ë´¤ì–´ìš”.
í•´ì†”ì´ê°€ ì¬ë£Œ ë„£ê³  ë¯¹ì„œê¸°ë²„íŠ¼ ëˆŒëŸ¬ë³´ê²Œí•´ì£¼ê³ 
í•´ì†”ì´ê°€ ë§Œë“¤ì—ˆë‹¤ê³  ê·¹ì°¬ì„ í•´ì¤˜ì„œì˜€ëŠ”ì§€ ì •ë§ ë§›ì´ ê´œì°®ì•˜ëŠ”ì§€ ì˜¤ëŠ˜ ì£¼ìŠ¤ë„ ì˜ ë¨¹ë”ë¼êµ¬ìš”â™¥ï¸
ê°œì¸ì ìœ¼ë¡œë„ ì˜¤ì´í–¥ì´ ë§ì´ ì„ì§€ ì•Šì•„ì„œ ì €ë„ ë§›ìˆê²Œ ë¨¹ì—ˆì–´ìš”âœŒğŸ»

âœ…ì‹­ìí™”ê³¼ì±„ì†Œâ¡ï¸4ì¥ì˜ ê½ƒìì´ ì‹­ì ëª¨ì–‘ì¸ ì±„ì†Œ
(ì–‘ë°°ì¶”,ë¸Œë¡œì½œë¦¬,ì²­ê²½ì±„,ì½œë¦¬í”Œë¼ì›Œ ë“±)

ğŸ¥¦ì‹­ìí™”ê³¼ì±„ì†Œë¥¼ ë¨¹ì–´ì•¼í•˜ëŠ” ì´ìœ 
1ï¸âƒ£â€œì„¤í¬ë¼íŒâ€œì„±ë¶„ 
â¡ï¸ë©´ì—­ì„¸í¬ë¥¼ ë„ì™€ ë³‘ì„ ìœ ë°œí•˜ëŠ” ì—¼ì¦ì„ ë§‰ì•„ì¤˜ìš”. ì—¼ì¦ë°˜ì‘ë„ ë§‰ì•„ì£¼ê³ , ë©´ì—­ë ¥íšŒë³µì—ë„ í° ë„ì›€ì´ ë˜ìš”âœŠğŸ»
â¡ï¸ë¶ˆí•„ìš”í•œ ë°”ì´ëŸ¬ìŠ¤, ë°•í…Œë¦¬ì•„ê· ì„ ì—†ì• ê³  ì•”ì„¸í¬ë¥¼ ì¡ì•„ë¨¹ëŠ” ë©´ì—­ì„¸í¬ì¸ NKì„¸í¬ í™œë™ì„ ë„ì™€ì¤˜ìš”.

2ï¸âƒ£ë³µë¶€ë¹„ë§Œ,í˜ˆì••,í˜ˆë‹¹ë“± ëŒ€ì‚¬ì¦í›„êµ°ì˜ ìœ„í—˜ìš”ì¸ìœ¼ë¡œë¶€í„° ì˜ˆë°©

3ï¸âƒ£í•­ì‚°í™” ë° í•­ì—¼ì¦ ê¸°ëŠ¥ì´ ë›°ì–´ë‚˜ë©° ë¹„íƒ€ë¯¼, ì„¬ìœ ì§ˆ, ë¯¸ë„¤ë„ ë“± ì‹ë¬¼ì„± ì˜ì–‘ì†Œê°€ í’ë¶€

âœ…ì‹­ìí™”ê³¼ì±„ì†ŒëŠ” í•œêº¼ë²ˆì— ë§ì´ ë¨¹ê¸°ë³´ë‹¤ëŠ” ë§¤ì¼ ê¾¸ì¤€íˆ ì„­ì·¨í•˜ëŠ”ê²Œ ì œì¼ ì¢‹ì•„ìš”ğŸ‘ğŸ»

ì˜¤ëŠ˜ ì•„ì¹¨ì—” í•´ì†”ì´ë‘ ì‹­ìí™”ê³¼ì±„ì†Œ ë¸Œë¡œì½œë¦¬ë‘,ì–‘ë°°ì¶” ë„£ê³  ê±´ê°•ì£¼ìŠ¤ ë§Œë“¤ì–´ë´¤ì–´ìš”.

âœ…ì‹­ìí™”ê³¼ì£¼ìŠ¤ì¬ë£Œ
ì˜¤ì´20g, ë ˆëª¬15g,  ì–‘ë°°ì¶”50g, ë¸Œë¡œì½œë¦¬25g, ì‚¬ê³¼í°ê±°í•œê°œ ê·¸ë¦¬ê³  ë¬¼

â¡ï¸ğŸ¥¦ë¸Œë¡œì½œë¦¬ëŠ” ì˜ì–‘ì°½ê³ ì¸ ì¤„ê¸°ë¥¼ ì‚¬ìš©í–ˆê³ ìš”. ì°œê¸°ë¡œ 5ë¶„ ìª˜ì–´ìš”.
â¡ï¸ì–‘ë°°ì¶”ë„ ì°œê¸°ë¡œ ìª„ë‘”ê±° ì‚¬ìš©í–ˆì–´ìš”.
â¡ï¸ğŸ¥’ì¼ë°˜ì˜¤ì´ë³´ë‹¤ ë‹¨ë§›ì´ ê°•í•œ ë¯¸ë‹ˆì˜¤ì´ëŠ” ì¿ íŒ¡ì—ì„œ ë§ˆê°ì„¸ì¼í•˜ê¸¸ë˜ êµ¬ì…í•´ë´¤ëŠ”ë° â€œí”Œë¼ë³´ë†€â€ì´ë€ ì„±ë¶„ì´ í•­ì‚°í™”, í•­ì—¼ì¦ì— ì¢‹ì€ ëŒ€í‘œì ì¸ ì„±ë¶„ìœ¼ë¡œ ë‘ë‡Œ, ì‹¬í˜ˆê´€ ì§ˆí™˜ì— ì¢‹ë‹¤ê³ í•´ìš”.
â¡ï¸ğŸ‹ë ˆëª¬ì€ ì˜¤ì´ë‘ ê¶í•©ì´ ì¢‹ì€ ê³¼ì¼ì´ë¼ ì¶”ê°€í–ˆì–´ìš”.
ë ˆëª¬ì— í•¨ìœ ëœ ë¹„íƒ€ë¯¼Cê°€ ì˜¤ì´ì˜ í•­ì‚°í™”ì‘ìš© ì„ ë”ìš± ê°•í™”ì‹œì¼œì¤˜ìš”âœŠğŸ»
â¡ï¸ğŸì‚¬ê³¼ëŠ” ì–‘ë°°ì¶”ë„ ì˜¤ì´ë„ í–¥ì´ ê°•í• ê±° ê°™ì•„ í°ê±¸ë¡œ í•œê°œ ë„£ì—ˆì–´ìš”.

ëª¨ë‹ì£¼ìŠ¤ëŠ” ê¼­ ë‹¹ë¶„ì´ ë‚®ì€ ì¬ë£Œì˜ ê³¼ì±„ì£¼ìŠ¤ë¥¼ ì¶”ì²œí•´ìš”ğŸ‘©ğŸ»â€ğŸ¦±
ì•ìœ¼ë¡œë„ ìš°ë¦¬ ì•„ì´ë“¤í•œí…Œ ê·¸ë¦¬ê³  ì–´ë¥¸ë“¤í•œí…Œë„ ë‹¹ì—°íˆ ì¢‹ì€
ê±´ê°•í•œ ì‹í’ˆë“¤ ì •ë³´ ë‹¤ì–‘í•˜ê²Œ ë§ì´ ê³µìœ í• ê»˜ìš”ğŸ‘©ğŸ»â€ğŸ¦±
ì¶”ì›Œì§„ ë‚ ì”¨ ê±´ê°•í•œê±° ê¼­ ì±™ê¸°ë©´ì„œ ê°ê¸°ì¡°ì‹¬í•˜ì„¸ìš”â™¥ï¸

#ì‹­ìí™”ê³¼ì±„ì†Œ #ì‹­ìí™”ê³¼ #ì•„ë“¤ë§˜ #22ê°œì›”ì•„ê¸° #ìœ¡ì•„ì¼ìƒ #ìœ¡ì•„ #ìœ¡ì•„ì†Œí†µ #ì•„ë“¤ìœ¡ì•„ #ì•„ì´ê±´ê°• #ì•„ì´ê±´ê°•ì£¼ìŠ¤ #ê±´ê°•ì£¼ìŠ¤ #ê±´ê°•ì£¼ìŠ¤ë ˆì‹œí”¼ #ì‹­ìí™”ê³¼ì±„ì†ŒìŠ¤ë¬´ë””  #ì•„ì´ê±´ê°•ê°„ì‹",,2,,31.633,,https://www.instagram.com/p/DBd91vLhPQv/,https://scontent-vie1-1.cdninstagram.com/v/t51.71878-15/498833590_9663146473753948_8648272577406069865_n.jpg?stp=dst-jpg_e15_p360x360_tt6&_nc_cat=100&ig_cache_key=MzQ4NTIxMzY2MDI4MzIwNDY1NTk2NjMxNDY0MzA0MjA2MTk%3D.3-ccb1-7&ccb=1-7&_nc_sid=58cdad&efg=eyJ2ZW5jb2RlX3RhZyI6InhwaWRzLjEwODB4MTkyMC5zZHIuQzMifQ%3D%3D&_nc_ohc=OP48hF2VB0kQ7kNvwGraGer&_nc_oc=AdkUxCSQwXDzzf6Pb532xt6kx3kXbMXlQbGnbo20nJzmvcW4j2fBzVnQICPN3RBSUoU&_nc_ad=z-m&_nc_cid=0&_nc_zt=23&_nc_ht=scontent-vie1-1.cdninstagram.com&_nc_gid=kegK4fDFwOuUIX_2Zw24pg&oh=00_AfXXhfRm4OibL_xQOZ0vp6lV3_0uSF-_XD6dyt8U8Gq1fw&oe=689EA118,
45880,ì¸ìŠ¤íƒ€ê·¸ë¨,ê±´ê°•ì£¼ìŠ¤,,45835,DLZf7zcTBug,"âœ¨ ì—¬ì„±ì˜ ëª¸ì„ ìœ„í•œ â€˜7ì¼ ì£¼ìŠ¤ ì¡°í•©â€™ ğŸ¹
í•˜ë£¨ í•œ ì”, 7ì¼ì´ë©´ ëª¸ì´ ë‹¬ë¼ì ¸ìš”.
âœ… ë¶“ê¸°, ìƒë¦¬í†µ, í”¼ë¶€ íŠ¸ëŸ¬ë¸”, í˜¸ë¥´ëª¬ ë¶ˆê· í˜•ê¹Œì§€ í•´ê²°!
âœ… ëƒ‰ì¥ê³  ì† ì¬ë£Œë¡œ ê°„ë‹¨í•˜ê²Œ!

ğŸ’– ë‚´ê²Œ í•„ìš”í•œ ë ˆì‹œí”¼ëŠ” ë¬´ì—‡ì¸ê°€ìš”?
ì§€ê¸ˆ ë‚´ ëª¸ì´ ë³´ë‚´ëŠ” ì‹ í˜¸ì— ê·€ ê¸°ìš¸ì—¬ë³´ì„¸ìš”.

ì˜¤ëŠ˜ í•˜ë£¨ë„ ë‚˜ë¥¼ ìœ„í•œ ê±´ê°• ë£¨í‹´,
ì§€ê¸ˆ ì´ ìˆœê°„ë¶€í„° ë§Œë“¤ì–´ë‚˜ê°€ëŠ” ê±´ ì–´ë–¨ê¹Œìš”? ğŸŒ¿

---------------

ëŒ“ê¸€ë¡œ â€œì£¼ìŠ¤â€ ë‚¨ê²¨ì£¼ì‹œë©´ 
ë” ë§ì€ ê±´ê°• ì£¼ìŠ¤ ë ˆì‹œí”¼ì™€ íš¨ëŠ¥
ì •ë¦¬ë³¸ì„ DMìœ¼ë¡œ ë³´ë‚´ë“œë ¤ìš”ğŸŒ¿

---------------
ğŸ¥ healthynaturaltips

ğŸ’ªğŸ»í—¬ë””ì™€ ë” ë‹¤ì–‘í•œ ê±´ê°•ì •ë³´ë¥¼ ê³µìœ í•˜ê³  ì‹¶ë‹¤ë©´â“

@__healthylady
@__healthylady
â˜ğŸ»í”„ë¡œí•„ ë° í”„ë¡œí•„ë§í¬ ì°¸ê³ í•˜ê¸°

ğŸ¥° ì €ë¥¼ íŒ”ë¡œìš°í•˜ì‹œê³  ê±´ê°•ê¿€íŒ, ì£¼ë¶€ê¿€íŒ ì–»ì–´ê°€ì„¸ìš”!
ğŸ’Œ ê±´ê°•ì„ ìœ„í•œ í•˜ë£¨í•˜ë£¨ì˜ ë…¸ë ¥ê³¼ ì„±ì¥ê¸°ë¡
ğŸ€ ì˜¤ëŠ˜ë„ ê±´ê°•í•´ì§€ë ¤ëŠ” ì—¬ëŸ¬ë¶„ë“¤ì„ ì‘ì›í•©ë‹ˆë‹¤

#ê±´ê°• #ê±´ê°•ì •ë³´ #ì£¼ë¶€ #ì£¼ë¶€ê¿€íŒ #ê±´ê°•ê¿€íŒ #30ëŒ€ #40ëŒ€ #50ëŒ€ #ì—¬ì„±ê±´ê°• #ê±´ê°•ê´€ë¦¬",,"2,608","3,768",60.72,#ê±´ê°•ì£¼ìŠ¤,https://www.instagram.com/p/DLZf7zcTBug/,https://scontent-vie1-1.cdninstagram.com/v/t51.71878-15/510950423_1265916945168615_7653935608628676578_n.jpg?stp=dst-jpg_e15_p360x360_tt6&_nc_cat=104&ig_cache_key=MzY2NDEwMDIyMDk2OTE2MzY4MA%3D%3D.3-ccb1-7&ccb=1-7&_nc_sid=58cdad&efg=eyJ2ZW5jb2RlX3RhZyI6InhwaWRzLjY0MHgxMTM2LnNkci5DMyJ9&_nc_ohc=zd2X8U7-rc4Q7kNvwEzgF6B&_nc_oc=AdkD3wXKyWfNE11clWJayKlurZg4uQEtaBXKXwwW6l0_DNMKHA3HFhUuVq4fr0LCTjg&_nc_ad=z-m&_nc_cid=0&_nc_zt=23&_nc_ht=scontent-vie1-1.cdninstagram.com&_nc_gid=xXGOe9xslzelw9sDxf2gKQ&oh=00_AfVuMtF0lMMwr0cjW1PVZA4N3Un6cjbtKxemw_EAfERUtw&oe=689E7310,#ê±´ê°•ì£¼ìŠ¤
45880,ì¸ìŠ¤íƒ€ê·¸ë¨,ê±´ê°•ì£¼ìŠ¤,,45588,DBd91vLhPQv,"ğŸ‘¶ğŸ¾
ê³¼ì±„ì£¼ìŠ¤ ì•ˆë¨¹ëŠ” ì•„ì´ë“¤ ê°™ì´ ë§Œë“¤ì–´ë³´ì„¸ìš”.
ì €ë„ ì˜¤ëŠ˜ ì¬ë£Œë“¤ì´ ì±„ì†Œê°€ ë§ì´ ë“¤ì–´ê°€ê³  í–¥ì´ ê°•í•œ ì˜¤ì´ê°€ ë“¤ì–´ê°€ì„œ í•´ì†”ì´í•œí…Œ ê°™ì´ ì£¼ìŠ¤ë§Œë“¤ìê³  í•´ë´¤ì–´ìš”.
í•´ì†”ì´ê°€ ì¬ë£Œ ë„£ê³  ë¯¹ì„œê¸°ë²„íŠ¼ ëˆŒëŸ¬ë³´ê²Œí•´ì£¼ê³ 
í•´ì†”ì´ê°€ ë§Œë“¤ì—ˆë‹¤ê³  ê·¹ì°¬ì„ í•´ì¤˜ì„œì˜€ëŠ”ì§€ ì •ë§ ë§›ì´ ê´œì°®ì•˜ëŠ”ì§€ ì˜¤ëŠ˜ ì£¼ìŠ¤ë„ ì˜ ë¨¹ë”ë¼êµ¬ìš”â™¥ï¸
ê°œì¸ì ìœ¼ë¡œë„ ì˜¤ì´í–¥ì´ ë§ì´ ì„ì§€ ì•Šì•„ì„œ ì €ë„ ë§›ìˆê²Œ ë¨¹ì—ˆì–´ìš”âœŒğŸ»

âœ…ì‹­ìí™”ê³¼ì±„ì†Œâ¡ï¸4ì¥ì˜ ê½ƒìì´ ì‹­ì ëª¨ì–‘ì¸ ì±„ì†Œ
(ì–‘ë°°ì¶”,ë¸Œë¡œì½œë¦¬,ì²­ê²½ì±„,ì½œë¦¬í”Œë¼ì›Œ ë“±)

ğŸ¥¦ì‹­ìí™”ê³¼ì±„ì†Œë¥¼ ë¨¹ì–´ì•¼í•˜ëŠ” ì´ìœ 
1ï¸âƒ£â€œì„¤í¬ë¼íŒâ€œì„±ë¶„ 
â¡ï¸ë©´ì—­ì„¸í¬ë¥¼ ë„ì™€ ë³‘ì„ ìœ ë°œí•˜ëŠ” ì—¼ì¦ì„ ë§‰ì•„ì¤˜ìš”. ì—¼ì¦ë°˜ì‘ë„ ë§‰ì•„ì£¼ê³ , ë©´ì—­ë ¥íšŒë³µì—ë„ í° ë„ì›€ì´ ë˜ìš”âœŠğŸ»
â¡ï¸ë¶ˆí•„ìš”í•œ ë°”ì´ëŸ¬ìŠ¤, ë°•í…Œë¦¬ì•„ê· ì„ ì—†ì• ê³  ì•”ì„¸í¬ë¥¼ ì¡ì•„ë¨¹ëŠ” ë©´ì—­ì„¸í¬ì¸ NKì„¸í¬ í™œë™ì„ ë„ì™€ì¤˜ìš”.

2ï¸âƒ£ë³µë¶€ë¹„ë§Œ,í˜ˆì••,í˜ˆë‹¹ë“± ëŒ€ì‚¬ì¦í›„êµ°ì˜ ìœ„í—˜ìš”ì¸ìœ¼ë¡œë¶€í„° ì˜ˆë°©

3ï¸âƒ£í•­ì‚°í™” ë° í•­ì—¼ì¦ ê¸°ëŠ¥ì´ ë›°ì–´ë‚˜ë©° ë¹„íƒ€ë¯¼, ì„¬ìœ ì§ˆ, ë¯¸ë„¤ë„ ë“± ì‹ë¬¼ì„± ì˜ì–‘ì†Œê°€ í’ë¶€

âœ…ì‹­ìí™”ê³¼ì±„ì†ŒëŠ” í•œêº¼ë²ˆì— ë§ì´ ë¨¹ê¸°ë³´ë‹¤ëŠ” ë§¤ì¼ ê¾¸ì¤€íˆ ì„­ì·¨í•˜ëŠ”ê²Œ ì œì¼ ì¢‹ì•„ìš”ğŸ‘ğŸ»

ì˜¤ëŠ˜ ì•„ì¹¨ì—” í•´ì†”ì´ë‘ ì‹­ìí™”ê³¼ì±„ì†Œ ë¸Œë¡œì½œë¦¬ë‘,ì–‘ë°°ì¶” ë„£ê³  ê±´ê°•ì£¼ìŠ¤ ë§Œë“¤ì–´ë´¤ì–´ìš”.

âœ…ì‹­ìí™”ê³¼ì£¼ìŠ¤ì¬ë£Œ
ì˜¤ì´20g, ë ˆëª¬15g,  ì–‘ë°°ì¶”50g, ë¸Œë¡œì½œë¦¬25g, ì‚¬ê³¼í°ê±°í•œê°œ ê·¸ë¦¬ê³  ë¬¼

â¡ï¸ğŸ¥¦ë¸Œë¡œì½œë¦¬ëŠ” ì˜ì–‘ì°½ê³ ì¸ ì¤„ê¸°ë¥¼ ì‚¬ìš©í–ˆê³ ìš”. ì°œê¸°ë¡œ 5ë¶„ ìª˜ì–´ìš”.
â¡ï¸ì–‘ë°°ì¶”ë„ ì°œê¸°ë¡œ ìª„ë‘”ê±° ì‚¬ìš©í–ˆì–´ìš”.
â¡ï¸ğŸ¥’ì¼ë°˜ì˜¤ì´ë³´ë‹¤ ë‹¨ë§›ì´ ê°•í•œ ë¯¸ë‹ˆì˜¤ì´ëŠ” ì¿ íŒ¡ì—ì„œ ë§ˆê°ì„¸ì¼í•˜ê¸¸ë˜ êµ¬ì…í•´ë´¤ëŠ”ë° â€œí”Œë¼ë³´ë†€â€ì´ë€ ì„±ë¶„ì´ í•­ì‚°í™”, í•­ì—¼ì¦ì— ì¢‹ì€ ëŒ€í‘œì ì¸ ì„±ë¶„ìœ¼ë¡œ ë‘ë‡Œ, ì‹¬í˜ˆê´€ ì§ˆí™˜ì— ì¢‹ë‹¤ê³ í•´ìš”.
â¡ï¸ğŸ‹ë ˆëª¬ì€ ì˜¤ì´ë‘ ê¶í•©ì´ ì¢‹ì€ ê³¼ì¼ì´ë¼ ì¶”ê°€í–ˆì–´ìš”.
ë ˆëª¬ì— í•¨ìœ ëœ ë¹„íƒ€ë¯¼Cê°€ ì˜¤ì´ì˜ í•­ì‚°í™”ì‘ìš© ì„ ë”ìš± ê°•í™”ì‹œì¼œì¤˜ìš”âœŠğŸ»
â¡ï¸ğŸì‚¬ê³¼ëŠ” ì–‘ë°°ì¶”ë„ ì˜¤ì´ë„ í–¥ì´ ê°•í• ê±° ê°™ì•„ í°ê±¸ë¡œ í•œê°œ ë„£ì—ˆì–´ìš”.

ëª¨ë‹ì£¼ìŠ¤ëŠ” ê¼­ ë‹¹ë¶„ì´ ë‚®ì€ ì¬ë£Œì˜ ê³¼ì±„ì£¼ìŠ¤ë¥¼ ì¶”ì²œí•´ìš”ğŸ‘©ğŸ»â€ğŸ¦±
ì•ìœ¼ë¡œë„ ìš°ë¦¬ ì•„ì´ë“¤í•œí…Œ ê·¸ë¦¬ê³  ì–´ë¥¸ë“¤í•œí…Œë„ ë‹¹ì—°íˆ ì¢‹ì€
ê±´ê°•í•œ ì‹í’ˆë“¤ ì •ë³´ ë‹¤ì–‘í•˜ê²Œ ë§ì´ ê³µìœ í• ê»˜ìš”ğŸ‘©ğŸ»â€ğŸ¦±
ì¶”ì›Œì§„ ë‚ ì”¨ ê±´ê°•í•œê±° ê¼­ ì±™ê¸°ë©´ì„œ ê°ê¸°ì¡°ì‹¬í•˜ì„¸ìš”â™¥ï¸

#ì‹­ìí™”ê³¼ì±„ì†Œ #ì‹­ìí™”ê³¼ #ì•„ë“¤ë§˜ #22ê°œì›”ì•„ê¸° #ìœ¡ì•„ì¼ìƒ #ìœ¡ì•„ #ìœ¡ì•„ì†Œí†µ #ì•„ë“¤ìœ¡ì•„ #ì•„ì´ê±´ê°• #ì•„ì´ê±´ê°•ì£¼ìŠ¤ #ê±´ê°•ì£¼ìŠ¤ #ê±´ê°•ì£¼ìŠ¤ë ˆì‹œí”¼ #ì‹­ìí™”ê³¼ì±„ì†ŒìŠ¤ë¬´ë””  #ì•„ì´ê±´ê°•ê°„ì‹",,2,,31.633,,https://www.instagram.com/p/DBd91vLhPQv/,https://scontent-vie1-1.cdninstagram.com/v/t51.71878-15/498833590_9663146473753948_8648272577406069865_n.jpg?stp=dst-jpg_e15_p360x360_tt6&_nc_cat=100&ig_cache_key=MzQ4NTIxMzY2MDI4MzIwNDY1NTk2NjMxNDY0MzA0MjA2MTk%3D.3-ccb1-7&ccb=1-7&_nc_sid=58cdad&efg=eyJ2ZW5jb2RlX3RhZyI6InhwaWRzLjEwODB4MTkyMC5zZHIuQzMifQ%3D%3D&_nc_ohc=OP48hF2VB0kQ7kNvwGraGer&_nc_oc=AdkUxCSQwXDzzf6Pb532xt6kx3kXbMXlQbGnbo20nJzmvcW4j2fBzVnQICPN3RBSUoU&_nc_ad=z-m&_nc_cid=0&_nc_zt=23&_nc_ht=scontent-vie1-1.cdninstagram.com&_nc_gid=kegK4fDFwOuUIX_2Zw24pg&oh=00_AfXXhfRm4OibL_xQOZ0vp6lV3_0uSF-_XD6dyt8U8Gq1fw&oe=689EA118,
45880,ì¸ìŠ¤íƒ€ê·¸ë¨,ê±´ê°•ì£¼ìŠ¤,,45588,DBd91vLhPQv,"ğŸ‘¶ğŸ¾
ê³¼ì±„ì£¼ìŠ¤ ì•ˆë¨¹ëŠ” ì•„ì´ë“¤ ê°™ì´ ë§Œë“¤ì–´ë³´ì„¸ìš”.
ì €ë„ ì˜¤ëŠ˜ ì¬ë£Œë“¤ì´ ì±„ì†Œê°€ ë§ì´ ë“¤ì–´ê°€ê³  í–¥ì´ ê°•í•œ ì˜¤ì´ê°€ ë“¤ì–´ê°€ì„œ í•´ì†”ì´í•œí…Œ ê°™ì´ ì£¼ìŠ¤ë§Œë“¤ìê³  í•´ë´¤ì–´ìš”.
í•´ì†”ì´ê°€ ì¬ë£Œ ë„£ê³  ë¯¹ì„œê¸°ë²„íŠ¼ ëˆŒëŸ¬ë³´ê²Œí•´ì£¼ê³ 
í•´ì†”ì´ê°€ ë§Œë“¤ì—ˆë‹¤ê³  ê·¹ì°¬ì„ í•´ì¤˜ì„œì˜€ëŠ”ì§€ ì •ë§ ë§›ì´ ê´œì°®ì•˜ëŠ”ì§€ ì˜¤ëŠ˜ ì£¼ìŠ¤ë„ ì˜ ë¨¹ë”ë¼êµ¬ìš”â™¥ï¸
ê°œì¸ì ìœ¼ë¡œë„ ì˜¤ì´í–¥ì´ ë§ì´ ì„ì§€ ì•Šì•„ì„œ ì €ë„ ë§›ìˆê²Œ ë¨¹ì—ˆì–´ìš”âœŒğŸ»

âœ…ì‹­ìí™”ê³¼ì±„ì†Œâ¡ï¸4ì¥ì˜ ê½ƒìì´ ì‹­ì ëª¨ì–‘ì¸ ì±„ì†Œ
(ì–‘ë°°ì¶”,ë¸Œë¡œì½œë¦¬,ì²­ê²½ì±„,ì½œë¦¬í”Œë¼ì›Œ ë“±)

ğŸ¥¦ì‹­ìí™”ê³¼ì±„ì†Œë¥¼ ë¨¹ì–´ì•¼í•˜ëŠ” ì´ìœ 
1ï¸âƒ£â€œì„¤í¬ë¼íŒâ€œì„±ë¶„ 
â¡ï¸ë©´ì—­ì„¸í¬ë¥¼ ë„ì™€ ë³‘ì„ ìœ ë°œí•˜ëŠ” ì—¼ì¦ì„ ë§‰ì•„ì¤˜ìš”. ì—¼ì¦ë°˜ì‘ë„ ë§‰ì•„ì£¼ê³ , ë©´ì—­ë ¥íšŒë³µì—ë„ í° ë„ì›€ì´ ë˜ìš”âœŠğŸ»
â¡ï¸ë¶ˆí•„ìš”í•œ ë°”ì´ëŸ¬ìŠ¤, ë°•í…Œë¦¬ì•„ê· ì„ ì—†ì• ê³  ì•”ì„¸í¬ë¥¼ ì¡ì•„ë¨¹ëŠ” ë©´ì—­ì„¸í¬ì¸ NKì„¸í¬ í™œë™ì„ ë„ì™€ì¤˜ìš”.

2ï¸âƒ£ë³µë¶€ë¹„ë§Œ,í˜ˆì••,í˜ˆë‹¹ë“± ëŒ€ì‚¬ì¦í›„êµ°ì˜ ìœ„í—˜ìš”ì¸ìœ¼ë¡œë¶€í„° ì˜ˆë°©

3ï¸âƒ£í•­ì‚°í™” ë° í•­ì—¼ì¦ ê¸°ëŠ¥ì´ ë›°ì–´ë‚˜ë©° ë¹„íƒ€ë¯¼, ì„¬ìœ ì§ˆ, ë¯¸ë„¤ë„ ë“± ì‹ë¬¼ì„± ì˜ì–‘ì†Œê°€ í’ë¶€

âœ…ì‹­ìí™”ê³¼ì±„ì†ŒëŠ” í•œêº¼ë²ˆì— ë§ì´ ë¨¹ê¸°ë³´ë‹¤ëŠ” ë§¤ì¼ ê¾¸ì¤€íˆ ì„­ì·¨í•˜ëŠ”ê²Œ ì œì¼ ì¢‹ì•„ìš”ğŸ‘ğŸ»

ì˜¤ëŠ˜ ì•„ì¹¨ì—” í•´ì†”ì´ë‘ ì‹­ìí™”ê³¼ì±„ì†Œ ë¸Œë¡œì½œë¦¬ë‘,ì–‘ë°°ì¶” ë„£ê³  ê±´ê°•ì£¼ìŠ¤ ë§Œë“¤ì–´ë´¤ì–´ìš”.

âœ…ì‹­ìí™”ê³¼ì£¼ìŠ¤ì¬ë£Œ
ì˜¤ì´20g, ë ˆëª¬15g,  ì–‘ë°°ì¶”50g, ë¸Œë¡œì½œë¦¬25g, ì‚¬ê³¼í°ê±°í•œê°œ ê·¸ë¦¬ê³  ë¬¼

â¡ï¸ğŸ¥¦ë¸Œë¡œì½œë¦¬ëŠ” ì˜ì–‘ì°½ê³ ì¸ ì¤„ê¸°ë¥¼ ì‚¬ìš©í–ˆê³ ìš”. ì°œê¸°ë¡œ 5ë¶„ ìª˜ì–´ìš”.
â¡ï¸ì–‘ë°°ì¶”ë„ ì°œê¸°ë¡œ ìª„ë‘”ê±° ì‚¬ìš©í–ˆì–´ìš”.
â¡ï¸ğŸ¥’ì¼ë°˜ì˜¤ì´ë³´ë‹¤ ë‹¨ë§›ì´ ê°•í•œ ë¯¸ë‹ˆì˜¤ì´ëŠ” ì¿ íŒ¡ì—ì„œ ë§ˆê°ì„¸ì¼í•˜ê¸¸ë˜ êµ¬ì…í•´ë´¤ëŠ”ë° â€œí”Œë¼ë³´ë†€â€ì´ë€ ì„±ë¶„ì´ í•­ì‚°í™”, í•­ì—¼ì¦ì— ì¢‹ì€ ëŒ€í‘œì ì¸ ì„±ë¶„ìœ¼ë¡œ ë‘ë‡Œ, ì‹¬í˜ˆê´€ ì§ˆí™˜ì— ì¢‹ë‹¤ê³ í•´ìš”.
â¡ï¸ğŸ‹ë ˆëª¬ì€ ì˜¤ì´ë‘ ê¶í•©ì´ ì¢‹ì€ ê³¼ì¼ì´ë¼ ì¶”ê°€í–ˆì–´ìš”.
ë ˆëª¬ì— í•¨ìœ ëœ ë¹„íƒ€ë¯¼Cê°€ ì˜¤ì´ì˜ í•­ì‚°í™”ì‘ìš© ì„ ë”ìš± ê°•í™”ì‹œì¼œì¤˜ìš”âœŠğŸ»
â¡ï¸ğŸì‚¬ê³¼ëŠ” ì–‘ë°°ì¶”ë„ ì˜¤ì´ë„ í–¥ì´ ê°•í• ê±° ê°™ì•„ í°ê±¸ë¡œ í•œê°œ ë„£ì—ˆì–´ìš”.

ëª¨ë‹ì£¼ìŠ¤ëŠ” ê¼­ ë‹¹ë¶„ì´ ë‚®ì€ ì¬ë£Œì˜ ê³¼ì±„ì£¼ìŠ¤ë¥¼ ì¶”ì²œí•´ìš”ğŸ‘©ğŸ»â€ğŸ¦±
ì•ìœ¼ë¡œë„ ìš°ë¦¬ ì•„ì´ë“¤í•œí…Œ ê·¸ë¦¬ê³  ì–´ë¥¸ë“¤í•œí…Œë„ ë‹¹ì—°íˆ ì¢‹ì€
ê±´ê°•í•œ ì‹í’ˆë“¤ ì •ë³´ ë‹¤ì–‘í•˜ê²Œ ë§ì´ ê³µìœ í• ê»˜ìš”ğŸ‘©ğŸ»â€ğŸ¦±
ì¶”ì›Œì§„ ë‚ ì”¨ ê±´ê°•í•œê±° ê¼­ ì±™ê¸°ë©´ì„œ ê°ê¸°ì¡°ì‹¬í•˜ì„¸ìš”â™¥ï¸

#ì‹­ìí™”ê³¼ì±„ì†Œ #ì‹­ìí™”ê³¼ #ì•„ë“¤ë§˜ #22ê°œì›”ì•„ê¸° #ìœ¡ì•„ì¼ìƒ #ìœ¡ì•„ #ìœ¡ì•„ì†Œí†µ #ì•„ë“¤ìœ¡ì•„ #ì•„ì´ê±´ê°• #ì•„ì´ê±´ê°•ì£¼ìŠ¤ #ê±´ê°•ì£¼ìŠ¤ #ê±´ê°•ì£¼ìŠ¤ë ˆì‹œí”¼ #ì‹­ìí™”ê³¼ì±„ì†ŒìŠ¤ë¬´ë””  #ì•„ì´ê±´ê°•ê°„ì‹",,2,,31.633,,https://www.instagram.com/p/DBd91vLhPQv/,https://scontent-vie1-1.cdninstagram.com/v/t51.71878-15/498833590_9663146473753948_8648272577406069865_n.jpg?stp=dst-jpg_e15_p360x360_tt6&_nc_cat=100&ig_cache_key=MzQ4NTIxMzY2MDI4MzIwNDY1NTk2NjMxNDY0MzA0MjA2MTk%3D.3-ccb1-7&ccb=1-7&_nc_sid=58cdad&efg=eyJ2ZW5jb2RlX3RhZyI6InhwaWRzLjEwODB4MTkyMC5zZHIuQzMifQ%3D%3D&_nc_ohc=OP48hF2VB0kQ7kNvwGraGer&_nc_oc=AdkUxCSQwXDzzf6Pb532xt6kx3kXbMXlQbGnbo20nJzmvcW4j2fBzVnQICPN3RBSUoU&_nc_ad=z-m&_nc_cid=0&_nc_zt=23&_nc_ht=scontent-vie1-1.cdninstagram.com&_nc_gid=kegK4fDFwOuUIX_2Zw24pg&oh=00_AfXXhfRm4OibL_xQOZ0vp6lV3_0uSF-_XD6dyt8U8Gq1fw&oe=689EA118,
45880,ì¸ìŠ¤íƒ€ê·¸ë¨,ê±´ê°•ì£¼ìŠ¤,,45835,DLZf7zcTBug,"âœ¨ ì—¬ì„±ì˜ ëª¸ì„ ìœ„í•œ â€˜7ì¼ ì£¼ìŠ¤ ì¡°í•©â€™ ğŸ¹
í•˜ë£¨ í•œ ì”, 7ì¼ì´ë©´ ëª¸ì´ ë‹¬ë¼ì ¸ìš”.
âœ… ë¶“ê¸°, ìƒë¦¬í†µ, í”¼ë¶€ íŠ¸ëŸ¬ë¸”, í˜¸ë¥´ëª¬ ë¶ˆê· í˜•ê¹Œì§€ í•´ê²°!
âœ… ëƒ‰ì¥ê³  ì† ì¬ë£Œë¡œ ê°„ë‹¨í•˜ê²Œ!

ğŸ’– ë‚´ê²Œ í•„ìš”í•œ ë ˆì‹œí”¼ëŠ” ë¬´ì—‡ì¸ê°€ìš”?
ì§€ê¸ˆ ë‚´ ëª¸ì´ ë³´ë‚´ëŠ” ì‹ í˜¸ì— ê·€ ê¸°ìš¸ì—¬ë³´ì„¸ìš”.

ì˜¤ëŠ˜ í•˜ë£¨ë„ ë‚˜ë¥¼ ìœ„í•œ ê±´ê°• ë£¨í‹´,
ì§€ê¸ˆ ì´ ìˆœê°„ë¶€í„° ë§Œë“¤ì–´ë‚˜ê°€ëŠ” ê±´ ì–´ë–¨ê¹Œìš”? ğŸŒ¿

---------------

ëŒ“ê¸€ë¡œ â€œì£¼ìŠ¤â€ ë‚¨ê²¨ì£¼ì‹œë©´ 
ë” ë§ì€ ê±´ê°• ì£¼ìŠ¤ ë ˆì‹œí”¼ì™€ íš¨ëŠ¥
ì •ë¦¬ë³¸ì„ DMìœ¼ë¡œ ë³´ë‚´ë“œë ¤ìš”ğŸŒ¿

---------------
ğŸ¥ healthynaturaltips

ğŸ’ªğŸ»í—¬ë””ì™€ ë” ë‹¤ì–‘í•œ ê±´ê°•ì •ë³´ë¥¼ ê³µìœ í•˜ê³  ì‹¶ë‹¤ë©´â“

@__healthylady
@__healthylady
â˜ğŸ»í”„ë¡œí•„ ë° í”„ë¡œí•„ë§í¬ ì°¸ê³ í•˜ê¸°

ğŸ¥° ì €ë¥¼ íŒ”ë¡œìš°í•˜ì‹œê³  ê±´ê°•ê¿€íŒ, ì£¼ë¶€ê¿€íŒ ì–»ì–´ê°€ì„¸ìš”!
ğŸ’Œ ê±´ê°•ì„ ìœ„í•œ í•˜ë£¨í•˜ë£¨ì˜ ë…¸ë ¥ê³¼ ì„±ì¥ê¸°ë¡
ğŸ€ ì˜¤ëŠ˜ë„ ê±´ê°•í•´ì§€ë ¤ëŠ” ì—¬ëŸ¬ë¶„ë“¤ì„ ì‘ì›í•©ë‹ˆë‹¤

#ê±´ê°• #ê±´ê°•ì •ë³´ #ì£¼ë¶€ #ì£¼ë¶€ê¿€íŒ #ê±´ê°•ê¿€íŒ #30ëŒ€ #40ëŒ€ #50ëŒ€ #ì—¬ì„±ê±´ê°• #ê±´ê°•ê´€ë¦¬",,"2,608","3,768",60.72,#ê±´ê°•ì£¼ìŠ¤,https://www.instagram.com/p/DLZf7zcTBug/,https://scontent-vie1-1.cdninstagram.com/v/t51.71878-15/510950423_1265916945168615_7653935608628676578_n.jpg?stp=dst-jpg_e15_p360x360_tt6&_nc_cat=104&ig_cache_key=MzY2NDEwMDIyMDk2OTE2MzY4MA%3D%3D.3-ccb1-7&ccb=1-7&_nc_sid=58cdad&efg=eyJ2ZW5jb2RlX3RhZyI6InhwaWRzLjY0MHgxMTM2LnNkci5DMyJ9&_nc_ohc=zd2X8U7-rc4Q7kNvwEzgF6B&_nc_oc=AdkD3wXKyWfNE11clWJayKlurZg4uQEtaBXKXwwW6l0_DNMKHA3HFhUuVq4fr0LCTjg&_nc_ad=z-m&_nc_cid=0&_nc_zt=23&_nc_ht=scontent-vie1-1.cdninstagram.com&_nc_gid=xXGOe9xslzelw9sDxf2gKQ&oh=00_AfVuMtF0lMMwr0cjW1PVZA4N3Un6cjbtKxemw_EAfERUtw&oe=689E7310,#ê±´ê°•ì£¼ìŠ¤
45880,ì¸ìŠ¤íƒ€ê·¸ë¨,ë‹¤ì´ì–´íŠ¸,,45380,C5F9YZ_JLJw,"ì§„ì§œ ì‚´ ë¹ ì§€ëŠ” ì‹ í˜¸ 4ê°€ì§€

#ë‹¤ì´ì–´íŠ¸ #ë‹¤ì´ì–´íŠ¸ì„±ê³µ #ì‚´ë¹¼ê¸° #ì‚´ë¹¼ì #ì‚´ë¹ ì§€ëŠ”ì‹ í˜¸ #ë‹¤ì´ì–´íŠ¸ìš´ë™ #ì–¼êµ´ì‚´ #ë±ƒì‚´ë¹¼ê¸°",,15,593,67.77,#ë‹¤ì´ì–´íŠ¸ì„±ê³µ,https://www.instagram.com/p/C5F9YZ_JLJw/,https://scontent-vie1-1.cdninstagram.com/v/t51.71878-15/502752183_1272936174249444_6324945583398424226_n.jpg?stp=dst-jpg_e15_p360x360_tt6&_nc_cat=101&ig_cache_key=MzMzNDM0MTA1NzE0NTI1NDUxMg%3D%3D.3-ccb1-7&ccb=1-7&_nc_sid=58cdad&efg=eyJ2ZW5jb2RlX3RhZyI6InhwaWRzLjEwODB4MTkyMC5zZHIuQzMifQ%3D%3D&_nc_ohc=MXxn-QaIsSsQ7kNvwGja1dP&_nc_oc=AdkwE_NetB_Z1ssitZVELLoizGNHd_tyRjnWcYtSjqmoNV1ZoUTYb-KBMrPFS6Hf1Mg&_nc_ad=z-m&_nc_cid=0&_nc_zt=23&_nc_ht=scontent-vie1-1.cdninstagram.com&_nc_gid=4Gq93ryVYr53XK3KX_-GKw&oh=00_AfXULEqE84P7Oloc3k9i_ASSLc-NmT1X9UBHUfbhmNwN9g&oe=689E9121,#ë‹¤ì´ì–´íŠ¸ì„±ê³µ
45880,ì¸ìŠ¤íƒ€ê·¸ë¨,ë‹¤ì´ì–´íŠ¸,,45380,C5F9YZ_JLJw,"ì§„ì§œ ì‚´ ë¹ ì§€ëŠ” ì‹ í˜¸ 4ê°€ì§€

#ë‹¤ì´ì–´íŠ¸ #ë‹¤ì´ì–´íŠ¸ì„±ê³µ #ì‚´ë¹¼ê¸° #ì‚´ë¹¼ì #ì‚´ë¹ ì§€ëŠ”ì‹ í˜¸ #ë‹¤ì´ì–´íŠ¸ìš´ë™ #ì–¼êµ´ì‚´ #ë±ƒì‚´ë¹¼ê¸°",,15,593,67.77,#ë‹¤ì´ì–´íŠ¸ì„±ê³µ,https://www.instagram.com/p/C5F9YZ_JLJw/,https://scontent-vie1-1.cdninstagram.com/v/t51.71878-15/502752183_1272936174249444_6324945583398424226_n.jpg?stp=dst-jpg_e15_p360x360_tt6&_nc_cat=101&ig_cache_key=MzMzNDM0MTA1NzE0NTI1NDUxMg%3D%3D.3-ccb1-7&ccb=1-7&_nc_sid=58cdad&efg=eyJ2ZW5jb2RlX3RhZyI6InhwaWRzLjEwODB4MTkyMC5zZHIuQzMifQ%3D%3D&_nc_ohc=MXxn-QaIsSsQ7kNvwGja1dP&_nc_oc=AdkwE_NetB_Z1ssitZVELLoizGNHd_tyRjnWcYtSjqmoNV1ZoUTYb-KBMrPFS6Hf1Mg&_nc_ad=z-m&_nc_cid=0&_nc_zt=23&_nc_ht=scontent-vie1-1.cdninstagram.com&_nc_gid=4Gq93ryVYr53XK3KX_-GKw&oh=00_AfXULEqE84P7Oloc3k9i_ASSLc-NmT1X9UBHUfbhmNwN9g&oe=689E9121,#ë‹¤ì´ì–´íŠ¸ì„±ê³µ
45880,ì¸ìŠ¤íƒ€ê·¸ë¨,ë‹¤ì´ì–´íŠ¸,,45380,C5F9YZ_JLJw,"ì§„ì§œ ì‚´ ë¹ ì§€ëŠ” ì‹ í˜¸ 4ê°€ì§€

#ë‹¤ì´ì–´íŠ¸ #ë‹¤ì´ì–´íŠ¸ì„±ê³µ #ì‚´ë¹¼ê¸° #ì‚´ë¹¼ì #ì‚´ë¹ ì§€ëŠ”ì‹ í˜¸ #ë‹¤ì´ì–´íŠ¸ìš´ë™ #ì–¼êµ´ì‚´ #ë±ƒì‚´ë¹¼ê¸°",,15,593,67.77,#ë‹¤ì´ì–´íŠ¸ì„±ê³µ,https://www.instagram.com/p/C5F9YZ_JLJw/,https://scontent-vie1-1.cdninstagram.com/v/t51.71878-15/502752183_1272936174249444_6324945583398424226_n.jpg?stp=dst-jpg_e15_p360x360_tt6&_nc_cat=101&ig_cache_key=MzMzNDM0MTA1NzE0NTI1NDUxMg%3D%3D.3-ccb1-7&ccb=1-7&_nc_sid=58cdad&efg=eyJ2ZW5jb2RlX3RhZyI6InhwaWRzLjEwODB4MTkyMC5zZHIuQzMifQ%3D%3D&_nc_ohc=MXxn-QaIsSsQ7kNvwGja1dP&_nc_oc=AdkwE_NetB_Z1ssitZVELLoizGNHd_tyRjnWcYtSjqmoNV1ZoUTYb-KBMrPFS6Hf1Mg&_nc_ad=z-m&_nc_cid=0&_nc_zt=23&_nc_ht=scontent-vie1-1.cdninstagram.com&_nc_gid=4Gq93ryVYr53XK3KX_-GKw&oh=00_AfXULEqE84P7Oloc3k9i_ASSLc-NmT1X9UBHUfbhmNwN9g&oe=689E9121,#ë‹¤ì´ì–´íŠ¸ì„±ê³µ
45880,ì¸ìŠ¤íƒ€ê·¸ë¨,ë‹¤ì´ì–´íŠ¸,,45380,C5F9YZ_JLJw,"ì§„ì§œ ì‚´ ë¹ ì§€ëŠ” ì‹ í˜¸ 4ê°€ì§€

#ë‹¤ì´ì–´íŠ¸ #ë‹¤ì´ì–´íŠ¸ì„±ê³µ #ì‚´ë¹¼ê¸° #ì‚´ë¹¼ì #ì‚´ë¹ ì§€ëŠ”ì‹ í˜¸ #ë‹¤ì´ì–´íŠ¸ìš´ë™ #ì–¼êµ´ì‚´ #ë±ƒì‚´ë¹¼ê¸°",,15,593,67.77,#ë‹¤ì´ì–´íŠ¸ì„±ê³µ,https://www.instagram.com/p/C5F9YZ_JLJw/,https://scontent-vie1-1.cdninstagram.com/v/t51.71878-15/502752183_1272936174249444_6324945583398424226_n.jpg?stp=dst-jpg_e15_p360x360_tt6&_nc_cat=101&ig_cache_key=MzMzNDM0MTA1NzE0NTI1NDUxMg%3D%3D.3-ccb1-7&ccb=1-7&_nc_sid=58cdad&efg=eyJ2ZW5jb2RlX3RhZyI6InhwaWRzLjEwODB4MTkyMC5zZHIuQzMifQ%3D%3D&_nc_ohc=MXxn-QaIsSsQ7kNvwGja1dP&_nc_oc=AdkwE_NetB_Z1ssitZVELLoizGNHd_tyRjnWcYtSjqmoNV1ZoUTYb-KBMrPFS6Hf1Mg&_nc_ad=z-m&_nc_cid=0&_nc_zt=23&_nc_ht=scontent-vie1-1.cdninstagram.com&_nc_gid=4Gq93ryVYr53XK3KX_-GKw&oh=00_AfXULEqE84P7Oloc3k9i_ASSLc-NmT1X9UBHUfbhmNwN9g&oe=689E9121,#ë‹¤ì´ì–´íŠ¸ì„±ê³µ
45880,í‹±í†¡,ê±´ê°•ì£¼ìŠ¤,"17,400",45878,7536487049046641928,#ë…ì¼í”¼ì—  #ê±´ê°•#ê±´ê°•ì •ë³´,217,4,22,73,#ë…ì¼í”¼ì—  #ê±´ê°•#ê±´ê°•ì •ë³´,https://www.tiktok.com/@jhs1124_/video/7536487049046641928,https://p16-common-sign-sg.tiktokcdn-us.com/tos-alisg-p-0037/oY4r9vfdDQshQttpAHFCUsR2QBfGoABIEEgdEl~tplv-tiktokx-origin.image?dr=9636&x-expires=1755010800&x-signature=D2XWuJKv7RE0Ql3cHpJ51dH2T30%3D&t=4d5b0474&ps=13740610&shp=81f88b70&shcp=43f4a2f9&idc=useast8,
45880,í‹±í†¡,ê±´ê°•ì£¼ìŠ¤,"8,306",44687,7094550001568730370,ì˜ íŒ”ë¦°ë‹¤ëŠ” ì»´í¬ì¦ˆ ê±´ê°•ì£¼ìŠ¤ ë©”ë‰´ì†Œê°œ ë° í›„ê¸°,"63,200",1,980,15,ì˜ íŒ”ë¦°ë‹¤ëŠ” ì»´í¬ì¦ˆ ê±´ê°•ì£¼ìŠ¤ ë©”ë‰´ì†Œê°œ ë° í›„ê¸°,https://www.tiktok.com/@baegopayo1004/video/7094550001568730370,https://p16-common-sign-sg.tiktokcdn-us.com/tos-alisg-p-0037/bacd10ea1d5041fcaa349ed4abb5d629_1651828647~tplv-tiktokx-origin.image?dr=9636&x-expires=1755010800&x-signature=qFvZ1dpwTTyvOGw49pFi0Y5l62w%3D&t=4d5b0474&ps=13740610&shp=81f88b70&shcp=43f4a2f9&idc=useast8,
45880,ìœ íŠœë¸Œ,glass skin,"14,300",45857,lX6Ynpw7gk0,â€œ5 MINUTEâ€ GLASS SKIN SKINCARE ROUTINE!! *EASY* *AFFORDABLE* + TIPS!!!,"6,304",48,322,0.005787037037,"I HOPE YOU GUYS ENJOYED THIS VIDEO!! itâ€™s a different type of video for me so let me know if you like the skincare videos :) comment below what videos you would like to see in the future ily queens ğŸ€ğŸ€



00:00 - 00:16 INTRO
00:16 - 00:40 CLEANSER
00:40 - 01:08 EYE SERUM
01:08 - 01:37 TONER
01:37 - 02:41 SPF/MOISTURISER
02:41 - 03:49 LASH SERUM
03:49 - 04:44 LIP MASK
04:44 - 07:03 TIPS
07:03 - 08:20 OUTRO 


#grwm #skincare #skincareroutine #glassskin #makeup #mua #makeuptutorial #makeuptutorial #makeupshorts #makeuptips 
#spf #skincaretips #health #skincareproducts #skinhealth #skincarelover #skincarehacks #5minute #viralvideo #viralmakeup #viralskin #viral #youtubehomepage #homepage #viralchallenge",https://www.youtube.com/watch?v=lX6Ynpw7gk0,https://i.ytimg.com/vi/lX6Ynpw7gk0/maxresdefault.jpg,
45880,ìœ íŠœë¸Œ,glass skin,"132,000",45851,gxBnBzSPBqY,Glass Skin on a Budget,"7,426",237,674,0.01820601852,"On a budget? Here are the steps to achieving glass skin and it doesn't require using the exact products I do, similar products will achieve it as well.  If you want to look hydrated and plump without the glass, I discuss a few products for my more oily skin gals.  Let us all know in comments what your favorite products are to achieve glass skin.  Products listed below, some linked.
Watch Intro Video to Mature Makeup Masterclass
https://maturemakeupmasterclass.teach...
Featured Products: Amazon Glass Skin List Link 
https://amzn.to/4683hGm 
Prequel The Gleanser, $17.99 (at Target or tagged in video)
Rael Brightening Carotene Pads, $20.99
Numbuz:n 5+ Vitamin Niacinamide Pads, $19.50
Haru Haru Black Rice Hyaluronic Toner, $12.50
Anua 70+ Rice 70 + Ceramide Milky Toner, $21
MadeCera Cream Double Essence Toner, $15
COSRX The 6 Peptide Skin Booster, $19.99
EQQUAL Berry Bakuchiol Plumping Serum, $19.99
elf Whoa Glow SPF 30, $14
DAERA Kang Shining BB Cream, $29.99
Mentioned but not used:
Anua 7+ Rice7 + Ceramde Hydrating Barrier Serum, $16
Manyo Pure Cleansing Oil, $20.29
Banillo Clean It Zero Cleansing Balm, $23.19",https://www.youtube.com/watch?v=gxBnBzSPBqY,https://i.ytimg.com/vi/gxBnBzSPBqY/maxresdefault.jpg,
45880,ì¸ìŠ¤íƒ€ê·¸ë¨,glass skin,,45853,DMGD4abt1L_,"Glassy Glow Cheeks 

@refybeauty cream bronzer in onyx
@refybeauty cream blush in plum
@refybeauty gloss highlighter 
@refybeauty gloss in topaz 

#glassskinmakeup #glowymakeup #makeup",,12,820,14.13,,https://www.instagram.com/p/DMGD4abt1L_/,https://scontent-vie1-1.cdninstagram.com/v/t51.71878-15/519295927_1066587825052209_1213298494311301351_n.jpg?stp=dst-jpg_e15_p360x360_tt6&_nc_cat=108&ig_cache_key=MzY3NjY0MzIxNjYwNzEwNTc5MQ%3D%3D.3-ccb1-7&ccb=1-7&_nc_sid=58cdad&efg=eyJ2ZW5jb2RlX3RhZyI6InhwaWRzLjY0MHgxMTM2LnNkci5DMyJ9&_nc_ohc=clCl-hFZ9K8Q7kNvwGfRLqq&_nc_oc=AdmFwV7msYB31q4z3MZTwg0IFZoVli9nOaLKJdoOZjeTQRKp6jFVzb2XbFdjT76idoM&_nc_ad=z-m&_nc_cid=0&_nc_zt=23&_nc_ht=scontent-vie1-1.cdninstagram.com&_nc_gid=1EQbyoKWo3oLGQVOJ0ZIuA&oh=00_AfXCViCkglfBQHSMTKjlLLhfZUbgXoNHTu0zQqLdE7WZTg&oe=689F88D0,
45880,ì¸ìŠ¤íƒ€ê·¸ë¨,glass skin,,45879,DNJChmGtI_c,"â¨	ØºØ§Ù„Ø¨Ø§Ù‹ Ø§Ù„Ù…Ø¨Ø§Ù„ØºÙ‡ ÙÙŠ Ø§Ù„Ø¹Ù†Ø§ÙŠÙ‡ ØªØ¶Ø± Ø§ÙƒØ«Ø± Ù…Ù† Ù…Ø§ ØªÙÙŠØ¯â¤ï¸ Ù‡Ø°Ø§ Ø®Ø·ÙˆØ§Øª Ø±ÙˆØªÙŠÙ†ÙŠ Ø§Ù„Ø«Ø§Ø¨ØªÙ‡ Ù…Ø¹ Ø§Ø®ØªÙ„Ø§Ù Ø§Ù„Ù…Ù†ØªØ¬Ø§Øª Ù…Ø¹ Ø§Ø®ØªÙ„Ø§Ù Ø¥Ø­Ø³Ø§Ø³Ø§Øª Ø¨Ø´Ø±ØªÙŠ â¤ï¸
Ø§Ù„Ù…Ù†ØªØ¬Ø§Øª ÙÙŠ Ø§Ù„ÙÙŠØ¯ÙŠÙˆ ÙƒÙ„Ù‡Ø§ Ù…Ù† â€ª@mixsoon_usaâ€¬ 

#mixsoon #centellaessence #centella #hyaluronicacidserum #beancream #koreanskincare #glassskin #skincareroutine #amazonâ©",,18,774,100.7,#glassskinmakeup,https://www.instagram.com/p/DNJChmGtI_c/,https://scontent-vie1-1.cdninstagram.com/v/t51.82787-15/529250464_18515323153018090_8292272072731396783_n.jpg?stp=dst-jpg_e15_p360x360_tt6&_nc_cat=102&ig_cache_key=MzY5NTQ5NjA3Mzk4NDY0MzAzNjE4NTE1MzIzMTUwMDE4MDkw.3-ccb1-7&ccb=1-7&_nc_sid=58cdad&efg=eyJ2ZW5jb2RlX3RhZyI6InhwaWRzLjcyMHgxMjgwLnNkci5DMyJ9&_nc_ohc=icrvei55q6EQ7kNvwEEbxmX&_nc_oc=AdmDvjpD9kyatDfLnGkwdrMCyoAJ7K8aG5mecUj3H8Fr9jPQ5CIH5aogEiIzE7YD3DU&_nc_ad=z-m&_nc_cid=0&_nc_zt=23&_nc_ht=scontent-vie1-1.cdninstagram.com&_nc_gid=YEtW_k-CoB7KKEWX19V2-Q&oh=00_AfUkpqM-G28AjuX6dm0a-26Z_dIRg3H78UlFWL4FdJYrlQ&oe=689F9EDC,#glassskinmakeup
45880,í‹±í†¡,glass skin,"66,600",45851,7526464108669979934,ASMR Glass Makeup! Which Is Your Favorite Step? #asmr #fyp #glassskin ,"9,100,000","3,128","732,400",40,ASMR Glass Makeup! Which Is Your Favorite Step? #asmr #fyp #glassskin ,https://www.tiktok.com/@aiasmrgg/video/7526464108669979934,https://p16-pu-sign-useast8.tiktokcdn-us.com/tos-useast8-p-0068-tx2/ok9rE4fDVIevR9oEQXlvlcN1zB1AaE6IFB0pIA~tplv-tiktokx-origin.image?dr=9636&x-expires=1755079200&x-signature=KH5MYGwWdV7gaVM0Q3eSNwC%2BsH4%3D&t=4d5b0474&ps=13740610&shp=81f88b70&shcp=43f4a2f9&idc=useast8,
45880,í‹±í†¡,glass skin,"28,700",45725,7479491380671286546,DIY Korean rice mask ğŸš ğŸ¤ âœ¨ #ricemask #koreanskincare #kbeautysecrets #diy #skincaretips #glassskin #homeremedy #skincareroutine #selfcare #facemask #ricewater #asmr #asmrsounds ,"8,700,000","3,120","605,600",23,DIY Korean rice mask ğŸš ğŸ¤ âœ¨ #ricemask #koreanskincare #kbeautysecrets #diy #skincaretips #glassskin #homeremedy #skincareroutine #selfcare #facemask #ricewater #asmr #asmrsounds ,https://www.tiktok.com/@lullvista/video/7479491380671286546,https://p16-common-sign-sg.tiktokcdn-us.com/tos-alisg-p-0037/o8AAPQAZYzPAuHzfGYIOELmIjDcGYAugZIeGof~tplv-tiktokx-dmt-logom:tos-alisg-i-0068/oIAAYF6K3zFcDfpARfFCHpE5gUEQBGAQ0nioIA.image?dr=9634&x-expires=1755079200&x-signature=ma48rjZl4dAPN6Xyn2eJhPD5O3I%3D&t=4d5b0474&ps=13740610&shp=81f88b70&shcp=43f4a2f9&idc=useast8,
45880,í‹±í†¡,skin care routine,"1,600,000",45422,7367077438171450630,ASMR morning skincareâ˜•ï¸ğŸ«§ #fyp #skincareroutine #skincare #selfcareroutine #selfcaretiktok #asmr #asmrsounds #routine #morningroutine #aesthetic ,"1,600,000","1,454","136,900",37,ASMR morning skincareâ˜•ï¸ğŸ«§ #fyp #skincareroutine #skincare #selfcareroutine #selfcaretiktok #asmr #asmrsounds #routine #morningroutine #aesthetic ,https://www.tiktok.com/@vanessafaga/video/7367077438171450630,https://p16-sign-va.tiktokcdn.com/tos-maliva-p-0068/2d05b941ad9043398715f06616786cc4_1715281388~tplv-tiktokx-origin.image?dr=14575&x-expires=1755079200&x-signature=ZccqZ7Ojisc6qWHHlipbu0TJQbc%3D&t=4d5b0474&ps=13740610&shp=81f88b70&shcp=43f4a2f9&idc=maliva,
45880,í‹±í†¡,skin care routine,"394,700",45786,7502157315374681386,this routine was INSANE and my skin by the end?? I think Iâ€™ve found my new skincare routine âœ¨ @medicube global   #medicube #skincare #boosterpro #medicubeskincare #pdrn #kyliejenner ,"840,900",302,"41,700",80,this routine was INSANE and my skin by the end?? I think Iâ€™ve found my new skincare routine âœ¨ @medicube global   #medicube #skincare #boosterpro #medicubeskincare #pdrn #kyliejenner ,https://www.tiktok.com/@itsbabykelz/video/7502157315374681386,https://p16-sign.tiktokcdn-us.com/tos-useast5-p-0068-tx/oAHRGASDoCBxYhJFEAAQrAEHEDfdfHNg6RIGAj~tplv-tiktokx-dmt-logom:tos-useast5-i-0068-tx/oAGhAImAjIBOFLoIDkJeAsDGzeAcEjAedQEgAH.image?dr=14573&x-expires=1755079200&x-signature=NdpRo49MBb5j46vHsPydKVryY9E%3D&t=4d5b0474&ps=13740610&shp=81f88b70&shcp=43f4a2f9&idc=maliva,
45880,í‹±í†¡,inner beauty,"5,645",45637,7446841664129240326,"literal, necesito saber que estuvieron juntos toda su vida, pq siempre los terminan con ellos como en sus 20s ğŸ˜­ğŸ˜­ğŸ˜­
#innerbeauty #tothestarsandback #bl #blrecommendations #manhwareccomendation #webtoonrecommendation #fyp ","211,600",177,"47,700",15,"literal, necesito saber que estuvieron juntos toda su vida, pq siempre los terminan con ellos como en sus 20s ğŸ˜­ğŸ˜­ğŸ˜­
#innerbeauty #tothestarsandback #bl #blrecommendations #manhwareccomendation #webtoonrecommendation #fyp ",https://www.tiktok.com/@eliii_0_0/video/7446841664129240326,https://p16-common-sign-va.tiktokcdn-us.com/tos-maliva-p-0068/oQbXYiJjhrMILPTfe8HiDAfN6CPfuMxfwGQAAK~tplv-tiktokx-origin.image?dr=9636&x-expires=1755079200&x-signature=j7IY7CwDzwTSnsXuu%2Fjvu920p0Y%3D&t=4d5b0474&ps=13740610&shp=81f88b70&shcp=43f4a2f9&idc=useast8,
45880,ì¸ìŠ¤íƒ€ê·¸ë¨,glass skin,,45869,DMv0lhuRU16,"Iâ€™m a big â€œless is moreâ€ kind of artistâ€¦if you canâ€™t tell by nowâœ¨âœ¨

I used:
@youthtothepeople superfood skin drip 
@diorbeauty skin perfect foundation stick 2.5N
@maybelline lifter stick shade 70
@rhode pocket blush in sleepy girl 
@lorealparis infallible powder in 180

#easymakeup #lightmakeup #pertectskin #glassskinmakeup #smoothskin #foundations",,43,901,89.666,#glassskinmakeup,https://www.instagram.com/p/DMv0lhuRU16/,https://scontent-vie1-1.cdninstagram.com/v/t51.82787-15/525820005_18518450407055120_8581223131404272405_n.jpg?stp=dst-jpg_e15_p360x360_tt6&_nc_cat=103&ig_cache_key=MzY4ODM5Nzg5NzA4ODcxNjE1NDE4NTE4NDUwNDA0MDU1MTIw.3-ccb1-7&ccb=1-7&_nc_sid=58cdad&efg=eyJ2ZW5jb2RlX3RhZyI6InhwaWRzLjg4N3gxNTgxLnNkci5DMyJ9&_nc_ohc=tythX_HM6A0Q7kNvwGNcZ0i&_nc_oc=AdlojP15xaGbdbGeWIY5a4iNdCQ0KKn-LQpR_GrcEwqbwh9hMhcjXR_PDHn8DHB1RQM&_nc_ad=z-m&_nc_cid=0&_nc_zt=23&_nc_ht=scontent-vie1-1.cdninstagram.com&_nc_gid=Lshd7ADcuOXfeSfgvV7k0Q&oh=00_AfXWujApV_ml3G9JFnwDUw9QtorWuuNY4eeSR__9lf6YtA&oe=689F7C79,#glassskinmakeup
45880,ì¸ìŠ¤íƒ€ê·¸ë¨,glowy skin,,45879,DNK3pvkI0Wm,"This is the Korean skincare routine I like to do for a natural healthy tinted glow with sun protection

Beauty of Joseon @beautyofjoseon_official
Glow Replenishing Rice Milk 
Glow Serum Propolis + Niacinamide 
Dynasty Cream 
Revive Eye Serum Ginseng + Retinal
Ginseng Moist Sun Serum SPF50+
Daily Tinted Fluid Sunscreen SPF 40 in MP200

@sammibruce1 

#koreanskincareroutine #koreanskincare #glowyskin",,43,"2,052",50.313,#glowyskincare,https://www.instagram.com/p/DNK3pvkI0Wm/,https://scontent-vie1-1.cdninstagram.com/v/t51.71878-15/527600357_1462654134937063_7339046259834053745_n.jpg?stp=dst-jpg_e15_p360x360_tt6&_nc_cat=110&ig_cache_key=MzY5NjAxMTIwNTMzOTcyNzI3MA%3D%3D.3-ccb1-7&ccb=1-7&_nc_sid=58cdad&efg=eyJ2ZW5jb2RlX3RhZyI6InhwaWRzLjY0MHgxMTM2LnNkci5DMyJ9&_nc_ohc=2Y8Ntzi_kP8Q7kNvwEOB_LN&_nc_oc=Adk7i9awqpU8uPoLh9dlQ-LbgwFW1snjXQMqPU3zkDXKiDkgR06X1PdEnjLKGKLyt0M&_nc_ad=z-m&_nc_cid=0&_nc_zt=23&_nc_ht=scontent-vie1-1.cdninstagram.com&_nc_gid=ncILD431UOp4gx-a0I5T2Q&oh=00_AfXqX8-yd47BsOwxWmbgkDiYlnC-hhgWsA48_a6Hubafow&oe=689F7D77,#glowyskincare
45880,ì¸ìŠ¤íƒ€ê·¸ë¨,glowy skin,,45731,DHNbREVOXSX,"The usual #GRWM :)

#makeuproutine #makeuptutorial #skincareroutine #glowymakeup #glowyskincare #blushblindness #getreadywithme",,12,,51.826,#glowyskincare,https://www.instagram.com/p/DHNbREVOXSX/,https://scontent-vie1-1.cdninstagram.com/v/t51.75761-15/484295638_18494632366037724_6235256895988694373_n.jpg?stp=dst-jpg_e15_p360x360_tt6&_nc_cat=100&ig_cache_key=MzU4ODY0NDM5ODIyMjExMTg5NQ%3D%3D.3-ccb1-7&ccb=1-7&_nc_sid=58cdad&efg=eyJ2ZW5jb2RlX3RhZyI6InhwaWRzLjcyMHgxMjgwLnNkci5DMyJ9&_nc_ohc=NKB9Buzzf7sQ7kNvwE2DwjL&_nc_oc=AdkHGu54eRsNDLvpwW10JQ22ud405zaBeFG4yR3-9rbfyugkQkJid0HmxIrqbRurhtc&_nc_ad=z-m&_nc_cid=0&_nc_zt=23&_nc_ht=scontent-vie1-1.cdninstagram.com&_nc_gid=nZp6bu09ThQohh3ZJCaARg&oh=00_AfVM-wdYr0alin9MK-9FsRD6Zj6iqSbtCQUaRAgbZnpNZg&oe=689F7CD7,#glowyskincare
45880,ì¸ìŠ¤íƒ€ê·¸ë¨,skin care routine,,45768,DItMfmwyI8C,"Reason is skincareğŸ’•

FollowğŸ‘‰@iam_zohrashaikh for skincare content.

#skincareaddict #glowupâœ¨ #skÄ±ncareroutine #selfcare #skincaregoals #Ä±nstabeauty #minimalistbeauty #skincarelover #skincarehumor #desiskincare #skinfirst #glowingskin #facecare #skincarejunkie #skinobsessed #beautylover #indianskincare #skincarememes #skincarediaries #radiantskin",,0,105,6.106,#dailyskincareroutine,https://www.instagram.com/p/DItMfmwyI8C/,https://scontent-vie1-1.cdninstagram.com/v/t51.75761-15/491499614_18481018171071663_3447850907827293820_n.jpg?stp=dst-jpg_e15_p360x360_tt6&_nc_cat=105&ig_cache_key=MzYxNTYwMTAyNDMzMDkyNzg3NA%3D%3D.3-ccb1-7&ccb=1-7&_nc_sid=58cdad&efg=eyJ2ZW5jb2RlX3RhZyI6InhwaWRzLjU0MHg5NjAuc2RyLkMzIn0%3D&_nc_ohc=v-a9GfrST3AQ7kNvwFn7yT2&_nc_oc=AdlBd-6b175FVplred_MspbLKzw1ffogLfn-Uqn9erEke2-5skCuQholk7dlEetRxqk&_nc_ad=z-m&_nc_cid=0&_nc_zt=23&_nc_ht=scontent-vie1-1.cdninstagram.com&_nc_gid=K9NeJfikExG_TttRy1Y3dA&oh=00_AfWxfoLL3seQUcQrrGKAaqdNQACs86ymuoy-jMH0ELlzcQ&oe=689F9D0B,#dailyskincareroutine
45880,ì¸ìŠ¤íƒ€ê·¸ë¨,skin care routine,,45878,DNGYeHRRBFG,"Toda piel madura necesita Ãcido HialurÃ³nico, y tambiÃ©n las no tan maduras, yo considero que una piel desde los 25 aÃ±os debe incluir este activo a su rutina, pero existen fÃ³rmulas para cada etapa de la vida, algunos productos contienen dentro de su fÃ³rmula mÃ¡s activos o diferentes activos para tratar diferentes signos de la edad.
Estas son mis sugerencias dependiendo de la edad que tengas, pero que quede claro que las dos Ãºltimas son ideales para cualquier edad, desde 25 en adelante y la primera si me gusta para quienes tenemos 40 en adelante, porque la fÃ³rmula estÃ¡ mÃ¡s enfocada en retrasar los signos de la edad y no solo en hidratar, y los 3 me parecen maravillosos.
PlatÃ­came cuÃ¡l AH usas tu? ğŸ‘‡ğŸ»

#beauty #beautytips #skincare #beautybloggers #skincaretips #skincareroutine #over40 #skincareproducts #beautyaddict #beautyproducts #serum #over50 #antienvejecimiento #acidohialuronico #pielsana #pielradiante #piel #cuidadodelapiel #belleza",,146,"2,607",87.533,#dailyskincareroutine,https://www.instagram.com/p/DNGYeHRRBFG/,https://scontent-vie1-1.cdninstagram.com/v/t51.82787-15/529884999_18529174375020769_6949424592466446599_n.jpg?stp=dst-jpg_e15_p360x360_tt6&_nc_cat=109&ig_cache_key=MzY5NDc0ODE2NjgxMDUwNTU0MjE4NTI5MTc0MzY5MDIwNzY5.3-ccb1-7&ccb=1-7&_nc_sid=58cdad&efg=eyJ2ZW5jb2RlX3RhZyI6InhwaWRzLjIzMDR4NDA5Ni5zZHIuQzMifQ%3D%3D&_nc_ohc=46kdQ_ybxvcQ7kNvwGm3Y0j&_nc_oc=Adkd11BMXh5kv93fTiaSZFpiqPqtWqrSAU6LaEtGMQoal01R2m5TDTgib4M-feZ1vPY&_nc_ad=z-m&_nc_cid=0&_nc_zt=23&_nc_ht=scontent-vie1-1.cdninstagram.com&_nc_gid=BAtCSIB5jSde-HkZRFUlVQ&oh=00_AfWlrQTdVKSS-2KknA6WW_hZlPq3v_2AVUO288rWQoHMnA&oe=689FAEAA,#dailyskincareroutine
45880,ì¸ìŠ¤íƒ€ê·¸ë¨,inner beauty,,45873,DM6yx7noAvB,"Part_1 A beautiful girl poetry in podcast ğŸ¥°#beautifulgirlpoetry
#PoetryPodcast
#PoeticSoul
#BeautyInWords
#FeminineEnergy
#SpokenWordMagic
#VoiceOfHer
#SoftSpokenPoetry
#DivineFemininePoetry
#iÌ‡nnerbeauty",,0,5,23.786,,https://www.instagram.com/p/DM6yx7noAvB/,https://scontent-vie1-1.cdninstagram.com/v/t51.71878-15/527510034_4125887407737931_1066139739934908186_n.jpg?stp=dst-jpg_e15_p360x360_tt6&_nc_cat=103&ig_cache_key=MzY5MTQ4NjE3ODE3OTAyNTg1Nw%3D%3D.3-ccb1-7&ccb=1-7&_nc_sid=58cdad&efg=eyJ2ZW5jb2RlX3RhZyI6InhwaWRzLjY0MHgxMTM2LnNkci5DMyJ9&_nc_ohc=iLVlQbAfdk8Q7kNvwEK6zF3&_nc_oc=AdnbAGqSe0UzX_X6tD8xHqsLnAcAxKj1eWZJUzL-nmJ3Y4AexkyKr21KS6x-XRuHKH4&_nc_ad=z-m&_nc_cid=0&_nc_zt=23&_nc_ht=scontent-vie1-1.cdninstagram.com&_nc_gid=brU44r9Z571JVjNwcnAZsg&oh=00_AfXmQUDkR9gFHv033rsK_U-0zmZpQ49YUg90WxxCbXJxdA&oe=689FB1BF,
45880,ì¸ìŠ¤íƒ€ê·¸ë¨,inner beauty,,45879,DNKQzXtoYM-,#dignifieddrape #rupaliinsaree #gracefulfeminine #mtfinspiration #sareelove #crossdresserindia #sareeelegance #mtfjourney #innerbeauty #softandstrong,,20,307,27.178,#glorifiesyourinnerbeauty,https://www.instagram.com/p/DNKQzXtoYM-/,https://scontent-vie1-1.cdninstagram.com/v/t51.82787-15/531164441_17852734260510167_240609263268212509_n.jpg?stp=dst-jpg_e15_p360x360_tt6&_nc_cat=110&ig_cache_key=MzY5NTg0MDM0MzExMDAyNjA0NjE3ODUyNzM0MjU0NTEwMTY3.3-ccb1-7&ccb=1-7&_nc_sid=58cdad&efg=eyJ2ZW5jb2RlX3RhZyI6InhwaWRzLjU0MHg5NjAuc2RyLkMzIn0%3D&_nc_ohc=_D1OA4JSH3wQ7kNvwGO3JYC&_nc_oc=AdnwcpS2RJGM28ljqR1LQP51U2_UEx8Mx256vyZgvlRu-Ro0PxNnffaByzX-55SP_XA&_nc_ad=z-m&_nc_cid=0&_nc_zt=23&_nc_ht=scontent-vie1-1.cdninstagram.com&_nc_gid=L4PAoKynmpnKDa2YJAPAjA&oh=00_AfWHh0YkH66S3HMzjYxuAEshVyz47OZtyGqKWfcoXgctjw&oe=689F9247,#glorifiesyourinnerbeauty
45880,ìœ íŠœë¸Œ,glass skin,"14,300",45857,lX6Ynpw7gk0,â€œ5 MINUTEâ€ GLASS SKIN SKINCARE ROUTINE!! *EASY* *AFFORDABLE* + TIPS!!!,"6,304",48,322,0.005787037037,"I HOPE YOU GUYS ENJOYED THIS VIDEO!! itâ€™s a different type of video for me so let me know if you like the skincare videos :) comment below what videos you would like to see in the future ily queens ğŸ€ğŸ€



00:00 - 00:16 INTRO
00:16 - 00:40 CLEANSER
00:40 - 01:08 EYE SERUM
01:08 - 01:37 TONER
01:37 - 02:41 SPF/MOISTURISER
02:41 - 03:49 LASH SERUM
03:49 - 04:44 LIP MASK
04:44 - 07:03 TIPS
07:03 - 08:20 OUTRO 


#grwm #skincare #skincareroutine #glassskin #makeup #mua #makeuptutorial #makeuptutorial #makeupshorts #makeuptips 
#spf #skincaretips #health #skincareproducts #skinhealth #skincarelover #skincarehacks #5minute #viralvideo #viralmakeup #viralskin #viral #youtubehomepage #homepage #viralchallenge",https://www.youtube.com/watch?v=lX6Ynpw7gk0,https://i.ytimg.com/vi/lX6Ynpw7gk0/maxresdefault.jpg,
45880,ìœ íŠœë¸Œ,glass skin,"4,390",45880,-BTZUhaXFB8,Glass Skin in 7 Days â€“ Herbal Secret by Doctor Ibrahim!,"1,262",15,211,0.002141203704,"Glass Skin by Doctor Ibrahim â€“
Sheeshe jaisa chamakta chehra sirf makeup ya filters ka nateeja nahi hota â€” ye ek herbal lifestyle aur natural care routine ka result hai. Doctor Ibrahim aaj reveal kar rahe hain ek asli desi nuskha jo skin ko karta hai:

âœ”ï¸ Transparent & glowing
âœ”ï¸ Pores tight
âœ”ï¸ Pimples khatam
âœ”ï¸ Skin tone even
âœ”ï¸ 100% herbal & safe for all skin types

Ye routine ladies aur gents dono ke liye hai. Glass skin sirf Korea ka trend nahi â€” ab har Pakistani isay ghar baithay hasil kar sakta hai, naturally!

ğŸ›’ Shop Now: https://doctoribrahim.com
ğŸ“ WhatsApp: +92 331 2009888
ğŸ“˜ Facebook: /ibrahimdoctor
ğŸ“¸ Instagram: /doctoribrahim.official
ğŸ”” Subscribe to Doctor Ibrahim Tips and Tricks for more herbal and natural solutions.
ğŸ‘ Like, share, and comment â€“ Doctor Ibrahim personally answers your questions!

âš ï¸ General Disclaimer:
Har skin type alag hota hai. Ye video taleemi aur herbal awareness ke liye hai. Serious skin conditions ke liye dermatology consult zaroori hai.

Â© Copyright Notice:
All content protected. Doctor Ibrahim ke nuskhe aur products ka unauthorized use mana hai.

#DoctorIbrahim #HerbalRemedy #SkinCare #DesiNuskha #WeightLossTips 
#GlassSkin #HerbalSkinCare #DoctorIbrahim #ChamakteChehreKaRaaz #NaturalGlow #SkinCareRoutine #DesiNuskha #GlowingSkinTips #GlassSkinNaturally
glass skin by doctor ibrahim  
glass skin ka nuskha  
how to get glass skin naturally  
glowing skin tips herbal  
desi nuskha for glowing skin  
doctor ibrahim skin care  
herbal face care  
korean glass skin desi style  
chamakte chehre ka ilaj  
natural skin glow  
glass skin for men and women  
pore tightening herbal remedy  
herbal skin treatment doctor ibrahim",https://www.youtube.com/watch?v=-BTZUhaXFB8,https://i.ytimg.com/vi/-BTZUhaXFB8/maxresdefault.jpg,
45880,ìœ íŠœë¸Œ,inner beauty,188,45853,4fFwLqkjmsQ,How Does Beauty And The Beast Teach About Inner Beauty? - Anecdotes in Quotation,0,0,0,0.00181712963,"How Does Beauty And The Beast Teach About Inner Beauty? In this captivating video, we explore the timeless tale of Beauty and the Beast and its powerful message about inner beauty. This enchanting story takes us on a journey that highlights the importance of character over appearance. Weâ€™ll discuss how the transformation of the Beast serves as a reminder that our actions shape who we are, and how love and acceptance can lead to meaningful change. 

The heroine of the story stands out as a symbol of strength and independence, valuing qualities such as kindness and intellect. Her journey encourages viewers to embrace their individuality and seek deeper connections with others. Weâ€™ll also touch on the significant moments that illustrate the dangers of judging others based on looks, showcasing the contrast between true beauty and superficial charm. 

This video aims to inspire viewers, especially young audiences, to prioritize empathy and courage in their lives. Join us as we unpack the lessons this classic fairy tale offers and reflect on the enduring message that true beauty lies within. Don't forget to subscribe to our channel for more engaging discussions and stories that resonate with the heart.

â¬‡ï¸ Subscribe to our channel for more valuable insights.

ğŸ”—Subscribe: https://www.youtube.com/@AnecdotesInQ... 

#BeautyAndTheBeast #InnerBeauty #FairyTales #CharacterMatters #LoveAndAcceptance #SelfWorth #Empathy #Kindness #TimelessTales #RoleModels #SelfAcceptance #TrueBeauty #Storytelling #Inspiration #Confidence 

About Us: Welcome to Anecdotes in Quotation, your go-to destination for a treasure trove of inspiring stories and thought-provoking narratives. Here, we delve into the world of anecdotesâ€”short, captivating tales that illuminate lifeâ€™s lessons and experiences. From historical figures to everyday individuals, we explore the unique moments that shape our understanding of the human experience.",https://www.youtube.com/watch?v=4fFwLqkjmsQ,https://i.ytimg.com/vi/4fFwLqkjmsQ/maxresdefault.jpg,
45880,ìœ íŠœë¸Œ,inner beauty,40,45850,l7WHR5rewRg,Why inner beauty matters just as much?,4,0,0,0.0004861111111,"One of my audience members at my book talk recently shared something that truly touched me. She said she is now teaching her daughter not only how to care for her appearance, but also how to grow her inner qualities. Things like kindness, self-respect, emotional awareness, and how to treat others with love and respect. I found that incredibly moving.

A few days later, I came across a scene from the movie Wolf that reminded me exactly of what she said. In the scene, Will Randall speaks honestly to Laura Alden, a woman who feels she is only seen for her appearance. He says:

 â€œYou're very beautiful and you think men are only interested in you because you're beautiful, but you want them to be interested in you because you're you. The problem is, aside from all that beauty, you're not very interesting. You're rude, you're hostile, you're sullen, you're withdrawn. I know you want someone to look past all that at the real person underneath, but the only reason anyone would bother to look past all that is because you're beautiful. Ironic, isnâ€™t it?â€

At first, the words may sound confronting. But what stayed with me was not the tone. It was the deeper reminder that appearance alone cannot carry a meaningful connection. To be truly seen and loved, there needs to be something more.

At C.C.Within, we want to be very clear. We are not here to judge anyone. We are not against beauty. In fact, we celebrate all forms of beauty. Taking care of your appearance and enjoying how you look can be a beautiful act of self-love.

At the same time, we believe that cultivating inner beauty is just as important. Qualities like generosity, integrity, humility, and emotional strength are what sustain relationships and make someone truly magnetic from within.

We believe beauty is about more than appearance. It is also about how we show up, how we love, how we grow, and how we support others.

When we nurture both inner and outer beauty, we create a lasting sense of worth and connection. And that is how we build relationships that last.

For more free resources- www.ccwithin.com

Feel free to share.

#CCWithin #ChiChiWang #ChiChiWangOfficial #innerbeauty #confidencefromwithin #beautywithpurpose #fromuglytobeautifulwithoutsurgery

P.S. My book, #FromUglyToBeautifulWithoutSurgery, is now available on our official website. It is the result of over 10 years of personal and professional exploration into what true beauty really means. If you have ever felt not enough, this book is a heartfelt guide to rediscover your worth. No surgery, no filters, just truth.

C.C.Within Service:
We are now open for body image workshop bookings. Our workshops are designed for workplaces, schools, and organizations that want to support healthy self-esteem and promote a more positive body image culture.",https://www.youtube.com/watch?v=l7WHR5rewRg,https://i.ytimg.com/vi/l7WHR5rewRg/maxresdefault.jpg?sqp=-oaymwEmCIAKENAF8quKqQMa8AEB-AH-CYAC0AWKAgwIABABGHIgSyg6MA8=&rs=AOn4CLC6bx-fXb5IFRTIMiwvZINumCCGLg,
45880,ìœ íŠœë¸Œ,glowy skin,"15,400",45852,54AnX8jaPOg,"My Dewy Summer Makeup Routine â˜€ï¸ | All Cream Products, Glowy Skin + Easy Everyday Look","27,024",22,862,0.01353009259,"Hey loves ğŸ¤
I'm back with another makeup tutorial! Today Iâ€™m sharing my super dewy summer makeup routine, using only cream-based products for that fresh, radiant glow we all crave this time of year. Think skin that looks like skin, a little shimmer, and a super natural finish perfect for warm days and golden hour âœ¨

Iâ€™m walking you through every step of my current go-to look, featuring some new favorites I picked up recently.

As always, itâ€™s easy, chatty, and glow-obsessed ğŸ˜Œ

ğŸ«¶ Donâ€™t forget to like, comment & subscribe if you enjoy the video, it means the world!

Products Mentioned:
https://eu.refybeauty.com/products/fa...
https://eu.refybeauty.com/products/fa...
https://eu.refybeauty.com/products/br...
https://saiehello.com/products/glowy-...
https://www.armanibeauty.nl/makeup/ge...
https://www.hourglasscosmetics.com/pr...
https://eu.refybeauty.com/products/li...
https://www.skins.nl/en/westman-ateli...
https://www.glossier.com/en-nl/produc...
https://www.skins.nl/simihaze-beauty/...
https://saiehello.com/products/dew-blush
https://www.skins.nl/simihaze-beauty/...
https://www.ysl-beauty.nl/make-up/oge...
https://www.rhodeskin.com/products/pe...
https://caiacosmetics.com/en/makeup/l...
https://saiehello.com/products/glossy...
https://caiacosmetics.nl/nl/make-up/g...

Disclaimer: this video is not sponsored

Instagram: @elisehoogerdijk
TikTok: @elisehoogerdijk
Business inquiries: elise@listheagency.com

#DewyMakeup #SummerMakeup #CreamProductsOnly #GlowySkin #MakeupRoutine #NaturalMakeup #GRWM #EverydayMakeup #SummerGlow",https://www.youtube.com/watch?v=54AnX8jaPOg,https://i.ytimg.com/vi/54AnX8jaPOg/maxresdefault.jpg,
45880,ìœ íŠœë¸Œ,skin care routine,"257,000",45880,YaygRRYxnbQ,My Skincare Routine | Elena Rachitskaya,"6,412",34,485,0.009513888889,"Contact | PR Inquiries 
hello@rachitskaya.com

In this video, I share my complete morning and evening skincare routine â€” from cleansing to moisturizing â€” plus the products I swear by and why I love them. Whether youâ€™re a skincare newbie or looking to upgrade your routine, this guide will simplify your skincare game and give you glowing results.

This is my very first skincare video on the channel, so if youâ€™d like to see more, let me know in the comments.

Important:
What works for me might not work for you â€” we all have different skin types and sensitivities.

PRODUCTS USED IN THIS VIDEO (INTERNATIONAL LINKS):

MORNING ROUTINE

THE ORDINARY | Squalane Cleanser, Hydrating Makeup Remover - https://go.shopmy.us/p-22746965
CLARINS | Cryo-Flash Face Mask - https://go.shopmy.us/p-20847666
LA ROCHE-POSAY | Effaclar Astringent Face Toner - https://go.shopmy.us/p-22751721
SUPERGOOP! | Glow Stick SPF50 - https://go.shopmy.us/p-17283986
LANEIGE | Glaze Craze Tinted Lip Serum (Cinnamon Sugar) - https://go.shopmy.us/p-22652509
ANASTASIA BEVERLY HILLS | Brow Freeze Gel - https://go.shopmy.us/p-15475685
LANCOME | Lash IdÃ´le Lash-Lifting & Volumizing Mascara - https://go.shopmy.us/p-20609657
RARE BEAUTY | Soft Pinch Matte Bouncy Blush (Hope) - https://go.shopmy.us/p-17285638
TARTE | Travel Size Shape Tape Concealer - https://go.shopmy.us/p-17088328

EVENING ROUTINE

CLINIQUE | Take The Day Off - https://go.shopmy.us/p-22745255
THE ORDINARY | Squalane Cleanser, Hydrating Makeup Remover - https://go.shopmy.us/p-22746965
DERMALOGICA | Daily Microfoliant, Face Exfoliator Scrub Powder - https://go.shopmy.us/p-22747513
THE ORDINARY | Niacinamide 10% + Zinc 1% - https://go.shopmy.us/p-22748268 or THE ORDINARY | Hyaluronic Acid 2% + B5 (with Ceramides) - https://go.shopmy.us/p-22756379
LANEIGE | Glaze Craze Tinted Lip Serum (Cinnamon Sugar) - https://go.shopmy.us/p-22652509
LANEIGE | Bouncy & Firm Eye Sleeping Mask - https://go.shopmy.us/p-22750047
MARIO BADESCU | Drying Lotion - https://go.shopmy.us/p-22750414
LANEIGE | Water Sleeping Mask - https://go.shopmy.us/p-22758632

EXTRAS

THE ORDINARY | AHA 30% + BHA 2% Peeling Solution - https://go.shopmy.us/p-22755856

MY AMAZON STOREFRONT (ğŸ‡ºğŸ‡¸ LINK): 
https://www.amazon.com/shop/elenarach...

Disclaimer: Some of the above links are affiliate, which means I may earn a commission if you make a purchase.
@amazoninfluencerprogram @amazonbeauty @dermalogica #ad #dermalogicapartner

0:27 Morning Routine - Step 1 Cleanser
2:07 Morning Routine - Step 2 Mask (Optional)
2:55 Morning Routine - Step 3 Toner
3:29 Morning Routine - Step 4 SPF 50
4:12 Morning Routine - Step 5 Lips
5:12 Brow Gel
5:57 Mascara
6:14 Blush 
6:33 Concealer 
7:10 Evening Routine - Step 1 Cleansing Balm
8:10 Evening Routine - Step 2 Cleanser
8:41 Evening Routine - Step 3 Enzyme Exfoliating Powder
9:21 Evening Routine - Step 4 Serum
9:58 Evening Routine - Step 5 Eye Mask
10:36 Evening Routine - Step 6 Lip Care with Lip Serum
10:46 Evening Routine - Step 7 Water Sleeping Mask 
11:43 Evening Routine - Step 8 Drying Lotion Spot Treatment
12:21 Weekly Extras - Peeling Solution 
13:35 Your Thoughts 


Thanks for watching! See you in the next video!

Make sure you subscribe to my channel and hit the notification bell, so you donâ€™t miss any of my new videos 
Â Â Â /Â @elenarachitskayaÂ Â 

#SkincareRoutine #EveningSkincare #MorningSkincare #TheOrdinary #Laneige #GlowingSkin #SkinCareTips #BeautyRoutine #SkincareForBeginners #ClearSkin",https://www.youtube.com/watch?v=YaygRRYxnbQ,https://i.ytimg.com/vi/YaygRRYxnbQ/maxresdefault.jpg,
45880,ìœ íŠœë¸Œ,skin care routine,"3,410,000",45874,OnraqyJzPo0,The ONLY Skincare You Actually Need + LIMITED REMEDY KIT! | Doctorly Explains,"83,972",206,"3,700",0.009861111111,"Shop REMEDY LIMITED COLLAB Bundle: https://go.shopmy.us/p-22360736

Shop Favorite Skincare Products
Shop My Shelf: https://shopmyshelf.us/shops/dermdoctor
Amazon Favorites: https://www.amazon.com/shop/doctorly
20% Off Paula's Choice: https://www.tkqlhce.com/click-1006678...
Shop SkinBetter Science: https://skinbetter.pro/doctorly
Shop Dr. Shah's REMEDY Brand: https://remedyskin.com

Affiliate Links Generate Revenue for the Channel

0:00 Intro
0:45 Limited Collab Kit
3:18 BASIC Routine for EVERYONE
7:15 Targeting your MAIN concern
7:34 Acne
8:08 Hyperpigmentation
8:55 Wrinkles / Aging Skin
9:35 Pores
10:13 Hair Loss
10:14 Textured Skin
11:30 Rosacea 
12:30 Summarizing your routine

Disclaimer: This video is not intended to provide diagnosis, treatment, or medical advice. Content provided in this video is for educational purposes only. Please consult with a physician regarding any health-related diagnosis or treatment.",https://www.youtube.com/watch?v=OnraqyJzPo0,https://i.ytimg.com/vi/OnraqyJzPo0/maxresdefault.jpg,
45880,ìœ íŠœë¸Œ,glowy skin,"310,000",45872,PERY4f1yh3I,The Secret to Glowy Skin Over 50! Over 60,"19,571",120,"1,500",0:30:24,"The Secret to Glowy Skin Over 50! Over 60
https://PrettyOverFifty.com for more Makeup, Skincare & Lifestyle!
Beauty Newsletter S U B S C R I B E !  â™ https://bit.ly/PrettyNewsletter
Amazon Store https://www.amazon.com/shop/prettyove...

Join Me as I Thrift Everything for My New Home! Â Â Â /Â @studiokimberlyÂ Â 

Products Mentioned:
ğŸ‰ Ladies Night Out with Kimberly! ğŸ‰
Join us for a fun-filled evening of games, prizes, and connection at Swan Song Vintage in Redmond, Oregon!

ğŸ“… Date: Saturday, September 13th
ğŸ•” Time: 5:00 PM â€“ 7:00 PM
ğŸ“ Location: Swan Song Vintage
627 SW Deschutes Ave, Redmond, OR

12 Hacks You Didn't Know You NEEDED! Â Â Â â€¢Â 12Â HacksÂ YouÂ Didn'tÂ KnowÂ YouÂ NEEDED!Â Â  
THE ORDINARY | AHA 30% + BHA 2% Peeling Solution https://go.shopmy.us/p-5147701 
C60 ANTI-GRAVITY SERUM https://go.shopc60.com/5J4BBT/M2GJW/ 
*Use Code POF10 for 10% off your order
Face Shaving Full Demo http://bit.ly/3a0PpxM 
Precision Face Razor https://go.shopmy.us/p-22207021 
Maysama Urchin https://go.shopmy.us/p-13777825 

ğŸ‰ğŸ’¥ Confused about skincare? Learn the simple, effective and affordable skincare routine that really works! Pretty Skin Over Fifty - Instant Access! pretty-skin-over-fifty.teachable.com/p/prettyskinoverfifty  ğŸ‰ğŸ’¥

CHARLOTTE TILBURY | Hollywood Flawless Filter https://go.shopmy.us/p-132791 
JONES ROAD | The Brow Pencil https://go.shopmy.us/p-9428684 
Catrice Under Eye Brightener https://go.shopmy.us/p-5308413 
MAYBELLINE | Instant Age Rewind Treatment Concealer https://go.shopmy.us/p-132756 
Lumi Le Glow Skin Tint https://go.shopmy.us/p-15638186 
Boomstick Trio Cheek And Lip https://go.shopmy.us/p-12133215 
Boomstick Glimmer https://go.shopmy.us/p-12133268 
Trinny London Eye2Eye - Mystery https://go.shopmy.us/p-21863985 
RÃˆPHR | Eyelash Curler https://go.shopmy.us/p-8733452 
Revlon ColorStay Eyeliner https://go.shopmy.us/p-22208200 
HOURGLASS Ambient Lighting Finishing Powder - Diffused Light https://go.shopmy.us/p-5173264 
City Beauty Lip Gloss - South Peach
http://aspireiq.go2cloud.org/aff_c?of... 
*Use code PRETTYOVER50 for 15% off site wide!*


 âˆ âˆ âˆ âˆ âˆ âˆ âˆ âˆ âˆ âˆ

â¤ MY FAVORITE THINGS â¤
C60 Purple Power https://go.shopc60.com/5J4BBT/M2GJW/  Amazing results for under eye wrinkles!
*Use Code POF10 for 10% off your order

MITO RED LIGHT (my favorite at home device for anti aging and good health)
https://www.mitoredlight.com/PRETTY
Use Code PRETTYOVERFIFTY for a 5% Discount
My Unit:  MITO Pro 750

NIRA - FDA Cleared at-home laser device (great for deep lines and wrinkles)
https://bit.ly/NIRAPretty
**Use Code PRETTYOVERFIFTY for a 10% Discount!

Nebulyft at Home Radio Frequency (tightens and firms the skin)
https://mynebulyft.kckb.st/prettyover...
*** Use Code NEBU-PRETTYOVERFIFTY for 5% Off Your Purchase!

MyoLift - True Microcurrent Device (lift the face)
www.7ewellness.com/pretty
*Use code: Pretty for Your Discount!*

CITY BEAUTY - The BEST Plumping Lip Gloss + Neck Firming Cream, Invisicrepe!!
*Use code PRETTYOVER50 for 15% off site wide!*
http://aspireiq.go2cloud.org/aff_c?of...

 JUPITER - My favorite CBD Oil (for creaky joints & stress!)
 https://www.getjupiter.com/share/pret... 
*Use code PRETTY10 for Your Discount!*

ION  (for gut health, improves bloating and puffiness)
ION Skin Support https://bit.ly/3OeBiIV For 15% Off ION* Products, Use Code PRETTYOVERFIFTY
ION Biome https://bit.ly/3mJYXVy For 15% Off ION* Products, Use Code PRETTYOVERFIFTY

Haielle Haircare (keeps my color treated hair soft and shiny)
 
**Use Code PRETTY10 for 10% off your purchase

Rebounder - Leaps & Rebounds (10 minutes a day!)
Use Link for 10% Discount: https://leapsandrebounds.com/discount...

BIRCH BOYS CHAGA (great for immune support)
My favorites are the Lions Mane & ChagaNOW
https://birchboys.com/ ***Use Code PrettyOverFifty for 10% Off Sitewide



âˆ âˆ âˆ âˆ âˆ âˆ âˆ âˆ âˆ âˆ

 INSTAGRAM/TWITTER/FB â™ @PrettyOverFifty  FOLLOW ME!

 BLOG: http://www.prettyoverfifty.com/

 INSTAGRAM: Â Â /Â prettyoverfiftyÂ Â 

 â™  Visit us at http://www.prettyoverfifty.com/

 âˆ âˆ âˆ âˆ âˆ âˆ âˆ âˆ âˆ âˆ

 FTC DISCLAIMER â™  This video is NOT sponsored.  Links are affiliate links.  If you click a link and buy something, I receive a commission for the sale. It doesn't cost you anything extra and you are free to use the link or not as you choose. If you do use my links, I  appreciate your support.

 âˆ âˆ âˆ âˆ âˆ âˆ âˆ âˆ âˆ âˆ

 M O R E  I N F O  â¤µ

 EMAIL for Business: â™ PrettyOverFifty@gmail.com

 Music â™All music - BenSound & Epidemic Sound

 All Rights Reserved 2024, Pretty Over Fifty",https://www.youtube.com/watch?v=PERY4f1yh3I,https://i.ytimg.com/vi/PERY4f1yh3I/maxresdefault.jpg,
45880,í‹±í†¡,glass skin,"14,000",45584,7427376393194933536,My skin is literal GLASS ğŸªŸ#skincare #skincareaddict #morningskincare #skincareroutine #asmr #glassskin ,"1,600,000",434,"76,000",11,My skin is literal GLASS ğŸªŸ#skincare #skincareaddict #morningskincare #skincareroutine #asmr #glassskin ,https://www.tiktok.com/@greta.cos/video/7427376393194933536,https://p16-common-sign-useastred.tiktokcdn-eu.com/tos-useast2a-p-0037-euttp/c15ecfc7f054490b99e36128c7af8313_1729320846~tplv-tiktokx-origin.image?dr=14575&x-expires=1755079200&x-signature=l%2BsEFnBvwOyi9INjb3vOHRF68zk%3D&t=4d5b0474&ps=13740610&shp=81f88b70&shcp=43f4a2f9&idc=maliva,
45880,í‹±í†¡,glass skin,"1,200,000",45383,7352556238896418080,Shedding my skin for glowy skin ğŸ’› @APRILSKIN using the Calendula peel off mask & Calendula resurfacing serum #glowyskin #skincaretips #koreanskincare #APRILSKIN #kbeauty #bye #pores #cloggedpores #glassskin #skincare #dewyskin #medicubepartner ,"7,900,000","2,147","546,700",22,Shedding my skin for glowy skin ğŸ’› @APRILSKIN using the Calendula peel off mask & Calendula resurfacing serum #glowyskin #skincaretips #koreanskincare #APRILSKIN #kbeauty #bye #pores #cloggedpores #glassskin #skincare #dewyskin #medicubepartner ,https://www.tiktok.com/@jasminnlily_/video/7352556238896418080,https://p16-common-sign-useastred.tiktokcdn-eu.com/tos-useast2a-p-0037-euttp/f980542fd1914610b8572f94d51a7f5e_1711900409~tplv-tiktokx-origin.image?dr=14575&x-expires=1755079200&x-signature=Lvn8n8V%2FH%2Byp0ztiVJ8BsUfvRZM%3D&t=4d5b0474&ps=13740610&shp=81f88b70&shcp=43f4a2f9&idc=maliva,
45880,í‹±í†¡,glowy skin,"222,500",45742,7486106742544207111,"and your flash photos are gonna look bomb.com â¤ï¸â€ğŸ”¥ 

body oil: @Saltair Body ","299,300",53,"11,700",15,"and your flash photos are gonna look bomb.com â¤ï¸â€ğŸ”¥ 

body oil: @Saltair Body ",https://www.tiktok.com/@damndar/video/7486106742544207111,https://p16-common-sign-sg.tiktokcdn-us.com/tos-alisg-p-0037/okfTgLG7MiM1jQAb2HIIfzSAfAIAmiAtjfe8yH~tplv-tiktokx-origin.image?dr=9636&x-expires=1755079200&x-signature=RRpT9TudYiefHQpMt24xrJqNQp0%3D&t=4d5b0474&ps=13740610&shp=81f88b70&shcp=43f4a2f9&idc=useast8,
45880,í‹±í†¡,glowy skin,"129,000",45878,7536573049634671928,"How to get glowy skin on an affordable budget using good bodycare products.
#bodycare #bodycareroutine #skincareroutine #beautytips #fyp ","502,700",526,"35,500",381,"How to get glowy skin on an affordable budget using good bodycare products.
#bodycare #bodycareroutine #skincareroutine #beautytips #fyp ",https://www.tiktok.com/@eniolakolajide/video/7536573049634671928,https://p16-common-sign-va.tiktokcdn-us.com/tos-maliva-p-0068/oQUCqoGWL2SJLkuq6jeeACLIPoiIQSCegRnYMI~tplv-tiktokx-dmt-logom:tos-useast2a-v-0068/oAXKAUiU9QSd3JBAiiAJMSaQkBCADIZPBEEQ6.image?dr=9634&x-expires=1755079200&x-signature=qco%2BweW5wJT6otTQhpgOnawpmYI%3D&t=4d5b0474&ps=13740610&shp=81f88b70&shcp=43f4a2f9&idc=useast8,
45880,í‹±í†¡,inner beauty,"5,645",45637,7446841664129240326,"literal, necesito saber que estuvieron juntos toda su vida, pq siempre los terminan con ellos como en sus 20s ğŸ˜­ğŸ˜­ğŸ˜­
#innerbeauty #tothestarsandback #bl #blrecommendations #manhwareccomendation #webtoonrecommendation #fyp ","211,600",177,"47,700",15,"literal, necesito saber que estuvieron juntos toda su vida, pq siempre los terminan con ellos como en sus 20s ğŸ˜­ğŸ˜­ğŸ˜­
#innerbeauty #tothestarsandback #bl #blrecommendations #manhwareccomendation #webtoonrecommendation #fyp ",https://www.tiktok.com/@eliii_0_0/video/7446841664129240326,https://p16-common-sign-va.tiktokcdn-us.com/tos-maliva-p-0068/oQbXYiJjhrMILPTfe8HiDAfN6CPfuMxfwGQAAK~tplv-tiktokx-origin.image?dr=9636&x-expires=1755079200&x-signature=j7IY7CwDzwTSnsXuu%2Fjvu920p0Y%3D&t=4d5b0474&ps=13740610&shp=81f88b70&shcp=43f4a2f9&idc=useast8,
45880,í‹±í†¡,inner beauty,"1,300,000",44607,7064714260022037765,#fypã‚· #bellezainterior #innerbeauty,"226,900",89,"28,600",21,#fypã‚· #bellezainterior #innerbeauty,https://www.tiktok.com/@xena_ollirrac/video/7064714260022037765,https://p16-common-sign-va.tiktokcdn-us.com/tos-maliva-p-0068/11b31c00177244eb9289b247a4e1aa46~tplv-tiktokx-origin.image?dr=9636&x-expires=1755079200&x-signature=t%2Fmd01SoLxQZfoy6LRa2rsf2SrQ%3D&t=4d5b0474&ps=13740610&shp=81f88b70&shcp=43f4a2f9&idc=useast8,
45880,í‹±í†¡,skin care routine,"2,400,000",45856,7528133616862301471,my 16 step skin care routine ğŸ«§ğŸ©· #asmr #skincare #skincareroutine #skintok #satisfying #jellymask #highmaintenance #girltherapy #selfcare #thatgirl #skincare101 ,"1,400,000","1,308","172,200",87,my 16 step skin care routine ğŸ«§ğŸ©· #asmr #skincare #skincareroutine #skintok #satisfying #jellymask #highmaintenance #girltherapy #selfcare #thatgirl #skincare101 ,https://www.tiktok.com/@elysian.living/video/7528133616862301471,https://p16-pu-sign-useast8.tiktokcdn-us.com/tos-useast8-p-0068-tx2/oQFnDfDvDIlQFsfIw5ETUTIbeCqI2aJAmBjvzA~tplv-tiktokx-dmt-logom:tos-useast8-i-0068-tx2/ocAJTUwBDIBaU5l2AjFAq0jsFEfnQAIEEkAfIe.image?dr=9634&x-expires=1755079200&x-signature=8%2B94IzRFaMryVhomKhPdaDsY23w%3D&t=4d5b0474&ps=13740610&shp=81f88b70&shcp=43f4a2f9&idc=useast8,
45880,í‹±í†¡,skin care routine,"394,700",45865,7531512156865547533,the glow at the end is insane ğŸ«¢ been consistently doing this routine for months and my skin has been looking TEAAA ğŸ¤ whatâ€™s some of your fav skincare products? âœ¨ @The Face Shop US @Youth To The People @byoma @TIRTIR Inc. @laneige_us @rhode skin @TORRIDEN US  #koreanskincare #doublecleansing #skincareroutine #skincaretips #skincare #glassskin #nighttimeskincare #girlythings #kbeauty #amazonfinds ,"656,700",423,"70,100",144,the glow at the end is insane ğŸ«¢ been consistently doing this routine for months and my skin has been looking TEAAA ğŸ¤ whatâ€™s some of your fav skincare products? âœ¨ @The Face Shop US @Youth To The People @byoma @TIRTIR Inc. @laneige_us @rhode skin @TORRIDEN US  #koreanskincare #doublecleansing #skincareroutine #skincaretips #skincare #glassskin #nighttimeskincare #girlythings #kbeauty #amazonfinds ,https://www.tiktok.com/@itsbabykelz/video/7531512156865547533,https://p19-pu-sign-useast8.tiktokcdn-us.com/tos-useast5-p-0068-tx/ooubBXfBJE7FIv0C6TnbCQUqFBoAYidAiAAFIw~tplv-tiktokx-dmt-logom:tos-useast5-i-0068-tx/oEBCEFaBixUTAiAnAA0AV3gEryOvCIiVk4Iog.image?dr=9634&x-expires=1755079200&x-signature=tdJvF1AZiOpqqG%2FhinFSQ0XNsjY%3D&t=4d5b0474&ps=13740610&shp=81f88b70&shcp=43f4a2f9&idc=useast8,